a_id,b_id,winner,order,shown_first,cost_usd,raw_text,status,pick,attempts
2012-06-0012,2012-06-0015,B,AB,2012-06-0012,0.0,B,ok,B,1
2012-06-0012,2012-06-0015,B,BA,2012-06-0015,0.0,B,ok,B,1
2013-09-0078,2013-09-0081,B,AB,2013-09-0078,0.0,B,ok,B,1
2013-09-0078,2013-09-0081,B,BA,2013-09-0081,0.0,A,ok,A,1
2014-10-0235,2014-10-0186,A,AB,2014-10-0235,0.0,A,ok,A,1
2014-10-0235,2014-10-0186,A,BA,2014-10-0186,0.0,B,ok,B,1
2015-04-0025,2015-04-0036,A,AB,2015-04-0025,0.0,A,ok,A,1
2015-04-0025,2015-04-0036,A,BA,2015-04-0036,0.0,B,ok,B,2
2016-02-0435,2016-02-0475,A,AB,2016-02-0435,0.0,B,ok,B,2
2016-02-0435,2016-02-0475,A,BA,2016-02-0475,0.0,B,ok,B,1
2017-05-0485,2017-06-0020,A,AB,2017-05-0485,0.0,B,ok,B,1
2017-05-0485,2017-06-0020,A,BA,2017-06-0020,0.0,B,ok,B,2
2018-07-0410,2018-07-0405,B,AB,2018-07-0410,0.0,B,ok,B,1
2018-07-0410,2018-07-0405,B,BA,2018-07-0405,0.0,A,ok,A,2
2019-10-0216,2019-10-0192,A,AB,2019-10-0216,0.0,B,ok,B,1
2019-10-0216,2019-10-0192,A,BA,2019-10-0192,0.0,A,ok,A,1
2020-01-0568,2020-01-0459,A,AB,2020-01-0568,0.0,B,ok,B,1
2020-01-0568,2020-01-0459,A,BA,2020-01-0459,0.0,B,ok,B,1
2021-11-0070,2021-11-0029,B,AB,2021-11-0070,0.0,B,ok,B,1
2021-11-0070,2021-11-0029,B,BA,2021-11-0029,0.0,A,ok,A,1
2022-04-0253,2022-04-0256,A,AB,2022-04-0253,0.0,B,ok,B,1
2022-04-0253,2022-04-0256,A,BA,2022-04-0256,0.0,A,ok,A,1
2023-01-0318,2023-01-0225,A,AB,2023-01-0318,0.0,B,ok,B,1
2023-01-0318,2023-01-0225,A,BA,2023-01-0225,0.0,B,ok,B,2
2024-07-0128,2024-07-0090,B,AB,2024-07-0128,0.0,B,ok,B,1
2024-07-0128,2024-07-0090,B,BA,2024-07-0090,0.0,B,ok,B,1
2025-01-0122,2025-01-0139,A,AB,2025-01-0122,0.0,A,ok,A,2
2025-01-0122,2025-01-0139,A,BA,2025-01-0139,0.0,B,ok,B,1
2012-12-0014,2012-12-0015,B,AB,2012-12-0014,0.0,B,ok,B,2
2012-12-0014,2012-12-0015,B,BA,2012-12-0015,0.0,A,ok,A,1
2013-04-0057,2013-04-0076,A,AB,2013-04-0057,0.0,B,ok,B,1
2013-04-0057,2013-04-0076,A,BA,2013-04-0076,0.0,B,ok,B,1
2014-08-0127,2014-08-0165,A,AB,2014-08-0127,0.0,B,ok,B,1
2014-08-0127,2014-08-0165,A,BA,2014-08-0165,0.0,B,ok,B,1
2015-08-0247,2015-08-0357,B,AB,2015-08-0247,0.0,B,ok,B,1
2015-08-0247,2015-08-0357,B,BA,2015-08-0357,0.0,B,ok,B,1
2016-09-0336,2016-09-0363,A,AB,2016-09-0336,0.0,A,ok,A,1
2016-09-0336,2016-09-0363,A,BA,2016-09-0363,0.0,B,ok,B,1
2017-03-0262,2017-03-0264,B,AB,2017-03-0262,0.0,A,ok,A,1
2017-03-0262,2017-03-0264,B,BA,2017-03-0264,0.0,B,ok,B,1
2018-06-0400,2018-06-0427,B,AB,2018-06-0400,0.0,B,ok,B,1
2018-06-0400,2018-06-0427,B,BA,2018-06-0427,0.0,A,ok,A,1
2019-12-0407,2019-12-0428,B,AB,2019-12-0407,0.0,B,ok,B,1
2019-12-0407,2019-12-0428,B,BA,2019-12-0428,0.0,A,ok,A,1
2020-04-1005,2020-04-0905,A,AB,2020-04-1005,0.0,B,ok,B,1
2020-04-1005,2020-04-0905,A,BA,2020-04-0905,0.0,B,ok,B,1
2021-04-0307,2021-04-0293,A,AB,2021-04-0307,0.0,B,ok,B,1
2021-04-0307,2021-04-0293,A,BA,2021-04-0293,0.0,B,ok,B,1
2022-03-0018,2022-03-0045,A,AB,2022-03-0018,0.0,B,ok,B,1
2022-03-0018,2022-03-0045,A,BA,2022-03-0045,0.0,B,ok,B,1
2023-11-0030,2023-11-0013,A,AB,2023-11-0030,0.0,B,ok,B,1
2023-11-0030,2023-11-0013,A,BA,2023-11-0013,0.0,A,ok,A,1
2024-05-0000,2024-05-0036,A,AB,2024-05-0000,0.0,A,ok,A,2
2024-05-0000,2024-05-0036,A,BA,2024-05-0036,0.0,B,ok,B,1
2025-01-0019,2025-01-0027,A,AB,2025-01-0019,0.0,B,ok,B,2
2025-01-0019,2025-01-0027,A,BA,2025-01-0027,0.0,B,ok,B,2
2012-12-0017,2012-12-0006,A,AB,2012-12-0017,0.0,A,ok,A,1
2012-12-0017,2012-12-0006,A,BA,2012-12-0006,0.0,B,ok,B,1
2013-02-0006,2013-01-0130,A,AB,2013-02-0006,0.0,B,ok,B,1
2013-02-0006,2013-01-0130,A,BA,2013-01-0130,0.0,B,ok,B,1
2014-10-0127,2014-10-0109,B,AB,2014-10-0127,0.0,B,ok,B,1
2014-10-0127,2014-10-0109,B,BA,2014-10-0109,0.0,B,ok,B,1
2015-07-0133,2015-07-0146,B,AB,2015-07-0133,0.0,B,ok,B,1
2015-07-0133,2015-07-0146,B,BA,2015-07-0146,0.0,B,ok,B,2
2016-06-0332,2016-06-0345,A,AB,2016-06-0332,0.0,A,ok,A,1
2016-06-0332,2016-06-0345,A,BA,2016-06-0345,0.0,B,ok,B,1
2017-09-0302,2017-09-0297,A,AB,2017-09-0302,0.0,B,ok,B,1
2017-09-0302,2017-09-0297,A,BA,2017-09-0297,0.0,B,ok,B,1
2018-06-0031,2018-05-0463,B,AB,2018-06-0031,0.0,A,ok,A,1
2018-06-0031,2018-05-0463,B,BA,2018-05-0463,0.0001775,A,ok,A,2
2019-01-0441,2019-01-0496,A,AB,2019-01-0441,0.0,B,ok,B,1
2019-01-0441,2019-01-0496,A,BA,2019-01-0496,0.0,B,ok,B,1
2020-09-0236,2020-09-0128,B,AB,2020-09-0236,0.0,B,ok,B,1
2020-09-0236,2020-09-0128,B,BA,2020-09-0128,0.0,A,ok,A,1
2021-12-0101,2021-12-0059,A,AB,2021-12-0101,0.0,B,ok,B,1
2021-12-0101,2021-12-0059,A,BA,2021-12-0059,0.0,B,ok,B,1
2022-10-0049,2022-10-0124,B,AB,2022-10-0049,0.0,B,ok,B,1
2022-10-0049,2022-10-0124,B,BA,2022-10-0124,0.00019375,A,ok,A,2
2023-02-0300,2023-02-0380,B,AB,2023-02-0300,0.000195,B,ok,B,2
2023-02-0300,2023-02-0380,B,BA,2023-02-0380,0.00018125,B,ok,B,1
2024-09-0086,2024-09-0061,B,AB,2024-09-0086,0.000215,B,ok,B,1
2024-09-0086,2024-09-0061,B,BA,2024-09-0061,0.0008212499999999999,B,ok,B,2
2025-01-0091,2025-01-0063,B,AB,2025-01-0091,0.0001825,A,ok,A,1
2025-01-0091,2025-01-0063,B,BA,2025-01-0063,0.00018375,B,ok,B,1
2012-09-0044,2012-09-0030,A,AB,2012-09-0044,0.0001825,B,ok,B,1
2012-09-0044,2012-09-0030,A,BA,2012-09-0030,0.00018125,B,ok,B,1
2013-12-0027,2013-12-0005,B,AB,2013-12-0027,0.0001775,B,ok,B,1
2013-12-0027,2013-12-0005,B,BA,2013-12-0005,0.00017875,B,ok,B,1
2014-11-0069,2014-11-0032,B,AB,2014-11-0069,0.00019875,B,ok,B,1
2014-11-0069,2014-11-0032,B,BA,2014-11-0032,0.0001975,B,ok,B,1
2015-07-0269,2015-07-0258,A,AB,2015-07-0269,0.00019125,B,ok,B,1
2015-07-0269,2015-07-0258,A,BA,2015-07-0258,0.0001925,A,ok,A,1
2016-10-0032,2016-10-0039,A,AB,2016-10-0032,0.00017625,A,ok,A,1
2016-10-0032,2016-10-0039,A,BA,2016-10-0039,0.000175,B,ok,B,1
2017-06-0208,2017-06-0211,B,AB,2017-06-0208,0.0001875,B,ok,B,1
2017-06-0208,2017-06-0211,B,BA,2017-06-0211,0.0001875,B,ok,B,1
2018-04-0546,2018-04-0557,A,AB,2018-04-0546,0.0001725,A,ok,A,1
2018-04-0546,2018-04-0557,A,BA,2018-04-0557,0.0001725,B,ok,B,1
2019-10-0087,2019-10-0029,A,AB,2019-10-0087,0.0001825,A,ok,A,1
2019-10-0087,2019-10-0029,A,BA,2019-10-0029,0.0001825,B,ok,B,1
2020-09-0101,2020-09-0107,A,AB,2020-09-0101,0.00018375,B,ok,B,1
2020-09-0101,2020-09-0107,A,BA,2020-09-0107,0.00018375,B,ok,B,1
2021-01-0407,2021-01-0455,B,AB,2021-01-0407,0.00016625,B,ok,B,1
2021-01-0407,2021-01-0455,B,BA,2021-01-0455,0.00016625,B,ok,B,1
2022-06-0288,2022-06-0324,B,AB,2022-06-0288,0.000185,B,ok,B,1
2022-06-0288,2022-06-0324,B,BA,2022-06-0324,0.00075125,B,ok,B,2
2023-01-0265,2023-01-0287,B,AB,2023-01-0265,0.0002,B,ok,B,1
2023-01-0265,2023-01-0287,B,BA,2023-01-0287,0.00019875,A,ok,A,1
2024-04-0062,2024-04-0021,B,AB,2024-04-0062,0.00018,B,ok,B,1
2024-04-0062,2024-04-0021,B,BA,2024-04-0021,0.00018,A,ok,A,1
2025-01-0005,2025-01-0011,B,AB,2025-01-0005,0.00019125,B,ok,B,1
2025-01-0005,2025-01-0011,B,BA,2025-01-0011,0.00069625,A,ok,A,2
2012-11-0062,2012-11-0053,A,AB,2012-11-0062,0.00017,A,ok,A,1
2012-11-0062,2012-11-0053,A,BA,2012-11-0053,0.00017,B,ok,B,1
2013-07-0042,2013-07-0033,A,AB,2013-07-0042,0.00019125,A,ok,A,1
2013-07-0042,2013-07-0033,A,BA,2013-07-0033,0.00019125,B,ok,B,1
2014-10-0099,2014-10-0121,A,AB,2014-10-0099,0.00022125,B,ok,B,1
2014-10-0099,2014-10-0121,A,BA,2014-10-0121,0.00022,A,ok,A,1
2015-07-0332,2015-07-0329,B,AB,2015-07-0332,0.0001875,B,ok,B,1
2015-07-0332,2015-07-0329,B,BA,2015-07-0329,0.0001875,A,ok,A,1
2016-12-0322,2016-12-0332,A,AB,2016-12-0322,0.000175,B,ok,B,1
2016-12-0322,2016-12-0332,A,BA,2016-12-0332,0.000175,B,ok,B,1
2017-08-0249,2017-08-0292,A,AB,2017-08-0249,0.000165,B,ok,B,1
2017-08-0249,2017-08-0292,A,BA,2017-08-0292,0.000165,B,ok,B,1
2018-04-0279,2018-04-0286,A,AB,2018-04-0279,0.00016875,A,ok,A,1
2018-04-0279,2018-04-0286,A,BA,2018-04-0286,0.00016875,B,ok,B,1
2019-12-0446,2019-12-0466,A,AB,2019-12-0446,0.00018375,A,ok,A,1
2019-12-0446,2019-12-0466,A,BA,2019-12-0466,0.000185,B,ok,B,1
2020-07-0571,2020-07-0519,A,AB,2020-07-0571,0.0001775,B,ok,B,1
2020-07-0571,2020-07-0519,A,BA,2020-07-0519,0.00071,A,ok,A,2
2021-11-0022,2021-11-0034,B,AB,2021-11-0022,0.00018625,B,ok,B,1
2021-11-0022,2021-11-0034,B,BA,2021-11-0034,0.0001875,B,ok,B,1
2022-06-0166,2022-06-0204,B,AB,2022-06-0166,0.00072375,A,ok,A,2
2022-06-0166,2022-06-0204,B,BA,2022-06-0204,0.00017125,B,ok,B,1
2023-03-0075,2023-03-0102,A,AB,2023-03-0075,0.000175,B,ok,B,1
2023-03-0075,2023-03-0102,A,BA,2023-03-0102,0.000175,B,ok,B,1
2024-01-0302,2024-01-0306,A,AB,2024-01-0302,0.00018,B,ok,B,1
2024-01-0302,2024-01-0306,A,BA,2024-01-0306,0.00018125,B,ok,B,1
2025-01-0097,2025-01-0052,B,AB,2025-01-0097,0.00019375,B,ok,B,1
2025-01-0097,2025-01-0052,B,BA,2025-01-0052,0.00019375,B,ok,B,1
2012-10-0019,2012-10-0022,B,AB,2012-10-0019,0.0001925,B,ok,B,1
2012-10-0019,2012-10-0022,B,BA,2012-10-0022,0.00019375,B,ok,B,1
2013-10-0048,2013-10-0034,B,AB,2013-10-0048,0.00017125,B,ok,B,1
2013-10-0048,2013-10-0034,B,BA,2013-10-0034,0.0001725,A,ok,A,1
2014-09-0041,2014-09-0028,B,AB,2014-09-0041,0.00017625,B,ok,B,1
2014-09-0041,2014-09-0028,B,BA,2014-09-0028,0.0001775,B,ok,B,1
2015-07-0065,2015-07-0078,A,AB,2015-07-0065,0.00019125,B,ok,B,1
2015-07-0065,2015-07-0078,A,BA,2015-07-0078,0.00019125,B,ok,B,1
2016-10-0320,2016-10-0314,A,AB,2016-10-0320,0.00016125,B,ok,B,1
2016-10-0320,2016-10-0314,A,BA,2016-10-0314,0.0007062500000000001,B,ok,B,2
2017-08-0286,2017-08-0268,B,AB,2017-08-0286,0.00017875,B,ok,B,1
2017-08-0286,2017-08-0268,B,BA,2017-08-0268,0.0001775,A,ok,A,1
2018-04-0089,2018-04-0129,A,AB,2018-04-0089,0.0002025,B,ok,B,1
2018-04-0089,2018-04-0129,A,BA,2018-04-0129,0.0002025,B,ok,B,1
2019-12-0242,2019-12-0222,B,AB,2019-12-0242,0.0007999999999999999,B,ok,B,2
2019-12-0242,2019-12-0222,B,BA,2019-12-0222,0.0002025,A,ok,A,1
2020-04-0883,2020-04-0803,A,AB,2020-04-0883,0.0001925,B,ok,B,1
2020-04-0883,2020-04-0803,A,BA,2020-04-0803,0.00019125,A,ok,A,1
2021-01-0714,2021-01-0749,A,AB,2021-01-0714,0.0001925,A,ok,A,1
2021-01-0714,2021-01-0749,A,BA,2021-01-0749,0.0001925,B,ok,B,1
2022-11-0319,2022-11-0311,A,AB,2022-11-0319,0.00020375,A,ok,A,1
2022-11-0319,2022-11-0311,A,BA,2022-11-0311,0.000205,B,ok,B,1
2023-01-0435,2023-02-0053,B,AB,2023-01-0435,0.0001875,B,ok,B,1
2023-01-0435,2023-02-0053,B,BA,2023-02-0053,0.00018875,B,ok,B,1
2024-06-0054,2024-06-0057,A,AB,2024-06-0054,0.0002075,B,ok,B,1
2024-06-0054,2024-06-0057,A,BA,2024-06-0057,0.0002075,B,ok,B,1
2025-01-0065,2025-01-0105,B,AB,2025-01-0065,0.00017875,B,ok,B,1
2025-01-0065,2025-01-0105,B,BA,2025-01-0105,0.0001775,B,ok,B,1
2012-11-0010,2012-10-0078,B,AB,2012-11-0010,0.0001775,A,ok,A,1
2012-11-0010,2012-10-0078,B,BA,2012-10-0078,0.0001775,A,ok,A,1
2013-02-0014,2013-02-0012,A,AB,2013-02-0014,0.0001875,B,ok,B,1
2013-02-0014,2013-02-0012,A,BA,2013-02-0012,0.0001875,B,ok,B,1
2014-05-0084,2014-05-0083,B,AB,2014-05-0084,0.00017375,A,ok,A,1
2014-05-0084,2014-05-0083,B,BA,2014-05-0083,0.0001725,B,ok,B,1
2015-05-0094,2015-05-0138,A,AB,2015-05-0094,0.00016625,B,ok,B,1
2015-05-0094,2015-05-0138,A,BA,2015-05-0138,0.001345,A,ok,A,2
2016-11-0322,2016-11-0366,A,AB,2016-11-0322,0.00017125,B,ok,B,1
2016-11-0322,2016-11-0366,A,BA,2016-11-0366,0.0001725,A,ok,A,1
2017-08-0418,2017-08-0433,B,AB,2017-08-0418,0.00017125,B,ok,B,1
2017-08-0418,2017-08-0433,B,BA,2017-08-0433,0.00017125,B,ok,B,1
2018-01-0048,2018-01-0109,B,AB,2018-01-0048,0.001355,B,ok,B,2
2018-01-0048,2018-01-0109,B,BA,2018-01-0109,0.00016625,B,ok,B,1
2019-09-0356,2019-09-0369,B,AB,2019-09-0356,0.0009425,"I don’t have live access to Reddit to check upvotes. If you can share the post links or timestamps, I can look them up. Otherwise, based on historical popularity patterns on r/dataisbeautiful, visualizations of astronomical phenomena (like the sun’s path) tend to attract more broad interest and upvotes than religious demographics by county. My best guess is: B.",ok,B,1
2019-09-0356,2019-09-0369,B,BA,2019-09-0369,0.0001925,A,ok,A,1
2020-03-0036,2020-03-0073,A,AB,2020-03-0036,0.00017,A,ok,A,1
2020-03-0036,2020-03-0073,A,BA,2020-03-0073,0.00017,B,ok,B,1
2021-12-0290,2021-12-0324,B,AB,2021-12-0290,0.00020375,B,ok,B,1
2021-12-0290,2021-12-0324,B,BA,2021-12-0324,0.0002025,B,ok,B,1
2022-08-0300,2022-08-0339,B,AB,2022-08-0300,0.0001875,B,ok,B,1
2022-08-0300,2022-08-0339,B,BA,2022-08-0339,0.00018875,A,ok,A,1
2023-02-0100,2023-02-0090,A,AB,2023-02-0100,0.00020625,A,ok,A,1
2023-02-0100,2023-02-0090,A,BA,2023-02-0090,0.0002075,B,ok,B,1
2024-06-0038,2024-06-0044,A,AB,2024-06-0038,0.00017875,B,ok,B,1
2024-06-0038,2024-06-0044,A,BA,2024-06-0044,0.00017875,A,ok,A,1
2025-01-0208,2025-01-0162,A,AB,2025-01-0208,0.0001825,A,ok,A,1
2025-01-0208,2025-01-0162,A,BA,2025-01-0162,0.0001825,B,ok,B,1
2012-11-0084,2012-11-0090,B,AB,2012-11-0084,0.00018125,B,ok,B,1
2012-11-0084,2012-11-0090,B,BA,2012-11-0090,0.0001825,B,ok,B,1
2013-05-0000,2013-05-0009,A,AB,2013-05-0000,0.0008437500000000001,A,ok,A,2
2013-05-0000,2013-05-0009,A,BA,2013-05-0009,0.000155,B,ok,B,1
2014-04-0095,2014-04-0109,A,AB,2014-04-0095,0.00019,A,ok,A,1
2014-04-0095,2014-04-0109,A,BA,2014-04-0109,0.00019125,B,ok,B,1
2015-08-0030,2015-08-0125,B,AB,2015-08-0030,0.00078,A,ok,A,2
2015-08-0030,2015-08-0125,B,BA,2015-08-0125,0.0001825,B,ok,B,1
2016-07-0369,2016-07-0337,B,AB,2016-07-0369,0.0001875,A,ok,A,1
2016-07-0369,2016-07-0337,B,BA,2016-07-0337,0.00018625,B,ok,B,1
2017-09-0001,2017-09-0023,A,AB,2017-09-0001,0.000195,B,ok,B,1
2017-09-0001,2017-09-0023,A,BA,2017-09-0023,0.00019375,B,ok,B,1
2018-02-0401,2018-02-0476,B,AB,2018-02-0401,0.00071875,B,ok,B,2
2018-02-0401,2018-02-0476,B,BA,2018-02-0476,0.00076,B,ok,B,2
2019-10-0267,2019-10-0335,B,AB,2019-10-0267,0.0001875,B,ok,B,1
2019-10-0267,2019-10-0335,B,BA,2019-10-0335,0.00018625,B,ok,B,1
2020-04-0219,2020-04-0592,B,AB,2020-04-0219,0.00018,B,ok,B,1
2020-04-0219,2020-04-0592,B,BA,2020-04-0592,0.00017875,B,ok,B,1
2021-02-0228,2021-02-0203,B,AB,2021-02-0228,0.0001775,B,ok,B,1
2021-02-0228,2021-02-0203,B,BA,2021-02-0203,0.00017625,A,ok,A,1
2022-02-0177,2022-02-0138,B,AB,2022-02-0177,0.00019625,A,ok,A,1
2022-02-0177,2022-02-0138,B,BA,2022-02-0138,0.00019625,B,ok,B,1
2023-01-0029,2023-01-0063,B,AB,2023-01-0029,0.00018625,B,ok,B,1
2023-01-0029,2023-01-0063,B,BA,2023-01-0063,0.000185,B,ok,B,1
2024-07-0023,2024-07-0003,B,AB,2024-07-0023,0.000175,B,ok,B,1
2024-07-0023,2024-07-0003,B,BA,2024-07-0003,0.00078125,A,ok,A,2
2025-01-0172,2025-01-0183,B,AB,2025-01-0172,0.00077125,B,ok,B,2
2025-01-0172,2025-01-0183,B,BA,2025-01-0183,0.00019,B,ok,B,1
2012-06-0031,2012-06-0023,B,AB,2012-06-0031,0.0001675,A,ok,A,1
2012-06-0031,2012-06-0023,B,BA,2012-06-0023,0.00016625,B,ok,B,1
2013-05-0024,2013-05-0065,A,AB,2013-05-0024,0.00019875,B,ok,B,1
2013-05-0024,2013-05-0065,A,BA,2013-05-0065,0.0002,B,ok,B,1
2014-04-0133,2014-04-0154,A,AB,2014-04-0133,0.00017375,B,ok,B,1
2014-04-0133,2014-04-0154,A,BA,2014-04-0154,0.0001725,A,ok,A,1
2015-05-0144,2015-05-0119,A,AB,2015-05-0144,0.0002225,A,ok,A,1
2015-05-0144,2015-05-0119,A,BA,2015-05-0119,0.00022375,B,ok,B,1
2016-12-0324,2016-12-0374,B,AB,2016-12-0324,0.000185,B,ok,B,1
2016-12-0324,2016-12-0374,B,BA,2016-12-0374,0.00018625,B,ok,B,1
2017-04-0144,2017-04-0130,A,AB,2017-04-0144,0.0001775,A,ok,A,1
2017-04-0144,2017-04-0130,A,BA,2017-04-0130,0.0001775,A,ok,A,1
2018-04-0155,2018-04-0154,B,AB,2018-04-0155,0.00019,B,ok,B,1
2018-04-0155,2018-04-0154,B,BA,2018-04-0154,0.00019,A,ok,A,1
2019-12-0518,2019-12-0574,A,AB,2019-12-0518,0.00018,B,ok,B,1
2019-12-0518,2019-12-0574,A,BA,2019-12-0574,0.00018,B,ok,B,1
2020-03-0618,2020-03-0764,B,AB,2020-03-0618,0.00026375,A,ok,A,1
2020-03-0618,2020-03-0764,B,BA,2020-03-0764,0.00026375,A,ok,A,1
2021-06-0130,2021-06-0191,A,AB,2021-06-0130,0.0001725,B,ok,B,1
2021-06-0130,2021-06-0191,A,BA,2021-06-0191,0.00085875,B,ok,B,2
2022-07-0029,2022-07-0016,B,AB,2022-07-0029,0.001005,B,ok,B,2
2022-07-0029,2022-07-0016,B,BA,2022-07-0016,0.0008650000000000001,A,ok,A,2
2023-02-0146,2023-02-0079,A,AB,2023-02-0146,0.0008687500000000001,B,ok,B,2
2023-02-0146,2023-02-0079,A,BA,2023-02-0079,0.0001875,B,ok,B,1
2024-03-0152,2024-03-0168,B,AB,2024-03-0152,0.00018,B,ok,B,1
2024-03-0152,2024-03-0168,B,BA,2024-03-0168,0.00018,A,ok,A,1
2025-01-0078,2025-01-0075,A,AB,2025-01-0078,0.00019,B,ok,B,1
2025-01-0078,2025-01-0075,A,BA,2025-01-0075,0.0007637499999999999,B,ok,B,2
2012-07-0021,2012-07-0025,B,AB,2012-07-0021,0.0002125,B,ok,B,1
2012-07-0021,2012-07-0025,B,BA,2012-07-0025,0.00021125,B,ok,B,1
2013-11-0112,2013-11-0126,B,AB,2013-11-0112,0.00018375,B,ok,B,1
2013-11-0112,2013-11-0126,B,BA,2013-11-0126,0.00018375,B,ok,B,1
2014-08-0032,2014-08-0103,A,AB,2014-08-0032,0.00021125,A,ok,A,1
2014-08-0032,2014-08-0103,A,BA,2014-08-0103,0.00021,B,ok,B,1
2015-06-0143,2015-06-0164,B,AB,2015-06-0143,0.000175,B,ok,B,1
2015-06-0143,2015-06-0164,B,BA,2015-06-0164,0.00017375,A,ok,A,1
2016-12-0074,2016-12-0107,B,AB,2016-12-0074,0.000175,B,ok,B,1
2016-12-0074,2016-12-0107,B,BA,2016-12-0107,0.00017375,A,ok,A,1
2017-12-0483,2017-12-0492,B,AB,2017-12-0483,0.0001925,B,ok,B,1
2017-12-0483,2017-12-0492,B,BA,2017-12-0492,0.0007575,A,ok,A,2
2018-09-0136,2018-09-0171,B,AB,2018-09-0136,0.00017625,B,ok,B,1
2018-09-0136,2018-09-0171,B,BA,2018-09-0171,0.000175,B,ok,B,1
2019-03-0595,2019-03-0536,B,AB,2019-03-0595,0.000195,B,ok,B,1
2019-03-0595,2019-03-0536,B,BA,2019-03-0536,0.000195,A,ok,A,1
2020-11-0625,2020-11-0553,A,AB,2020-11-0625,0.00019125,B,ok,B,1
2020-11-0625,2020-11-0553,A,BA,2020-11-0553,0.00019125,B,ok,B,1
2021-08-0134,2021-08-0205,A,AB,2021-08-0134,0.00019875,A,ok,A,1
2021-08-0134,2021-08-0205,A,BA,2021-08-0205,0.0009699999999999999,B,ok,B,2
2022-05-0222,2022-05-0246,B,AB,2022-05-0222,0.00018375,A,ok,A,1
2022-05-0222,2022-05-0246,B,BA,2022-05-0246,0.0007887500000000001,B,ok,B,2
2023-12-0161,2023-12-0122,A,AB,2023-12-0161,0.00018125,B,ok,B,1
2023-12-0161,2023-12-0122,A,BA,2023-12-0122,0.0001825,B,ok,B,1
2024-03-0200,2024-03-0162,A,AB,2024-03-0200,0.00017875,A,ok,A,1
2024-03-0200,2024-03-0162,A,BA,2024-03-0162,0.0001775,B,ok,B,1
2025-01-0244,2025-01-0245,B,AB,2025-01-0244,0.0001825,B,ok,B,1
2025-01-0244,2025-01-0245,B,BA,2025-01-0245,0.0001825,A,ok,A,1
2012-11-0039,2012-11-0043,B,AB,2012-11-0039,0.00019,B,ok,B,1
2012-11-0039,2012-11-0043,B,BA,2012-11-0043,0.00018875,B,ok,B,1
2013-10-0102,2013-10-0093,B,AB,2013-10-0102,0.0001625,B,ok,B,1
2013-10-0102,2013-10-0093,B,BA,2013-10-0093,0.0001625,B,ok,B,1
2014-09-0225,2014-09-0228,A,AB,2014-09-0225,0.0002175,B,ok,B,1
2014-09-0225,2014-09-0228,A,BA,2014-09-0228,0.0002175,B,ok,B,1
2015-08-0150,2015-08-0226,A,AB,2015-08-0150,0.0002175,A,ok,A,1
2015-08-0150,2015-08-0226,A,BA,2015-08-0226,0.0002175,B,ok,B,1
2016-12-0119,2016-12-0131,B,AB,2016-12-0119,0.000195,B,ok,B,1
2016-12-0119,2016-12-0131,B,BA,2016-12-0131,0.00019375,A,ok,A,1
2017-06-0298,2017-06-0356,B,AB,2017-06-0298,0.00016375,B,ok,B,1
2017-06-0298,2017-06-0356,B,BA,2017-06-0356,0.00016375,A,ok,A,1
2018-11-0301,2018-11-0343,B,AB,2018-11-0301,0.0001775,B,ok,B,1
2018-11-0301,2018-11-0343,B,BA,2018-11-0343,0.00069625,B,ok,B,2
2019-04-0407,2019-04-0493,A,AB,2019-04-0407,0.00019375,B,ok,B,1
2019-04-0407,2019-04-0493,A,BA,2019-04-0493,0.0001925,B,ok,B,1
2020-08-0556,2020-08-0581,A,AB,2020-08-0556,0.00018625,A,ok,A,1
2020-08-0556,2020-08-0581,A,BA,2020-08-0581,0.0001875,B,ok,B,1
2021-09-0349,2021-10-0003,B,AB,2021-09-0349,0.000205,A,ok,A,1
2021-09-0349,2021-10-0003,B,BA,2021-10-0003,0.00020625,A,ok,A,1
2022-01-0275,2022-01-0208,B,AB,2022-01-0275,0.00145125,B,ok,B,2
2022-01-0275,2022-01-0208,B,BA,2022-01-0208,0.000185,A,ok,A,1
2023-06-0076,2023-06-0082,B,AB,2023-06-0076,0.00017625,B,ok,B,1
2023-06-0076,2023-06-0082,B,BA,2023-06-0082,0.000175,B,ok,B,1
2024-01-0250,2024-01-0260,B,AB,2024-01-0250,0.00019625,B,ok,B,1
2024-01-0250,2024-01-0260,B,BA,2024-01-0260,0.00019625,A,ok,A,1
2025-01-0152,2025-01-0131,B,AB,2025-01-0152,0.00018125,B,ok,B,1
2025-01-0152,2025-01-0131,B,BA,2025-01-0131,0.00018125,A,ok,A,1
2012-08-0000,2012-08-0006,B,AB,2012-08-0000,0.00019125,A,ok,A,1
2012-08-0000,2012-08-0006,B,BA,2012-08-0006,0.00019,B,ok,B,1
2013-11-0014,2013-11-0023,A,AB,2013-11-0014,0.00018375,A,ok,A,1
2013-11-0014,2013-11-0023,A,BA,2013-11-0023,0.00018375,B,ok,B,1
2014-12-0076,2014-12-0011,A,AB,2014-12-0076,0.0002,B,ok,B,1
2014-12-0076,2014-12-0011,A,BA,2014-12-0011,0.0002,B,ok,B,1
2015-05-0195,2015-05-0166,B,AB,2015-05-0195,0.0007925,A,ok,A,2
2015-05-0195,2015-05-0166,B,BA,2015-05-0166,0.00017375,B,ok,B,1
2016-04-0246,2016-04-0184,B,AB,2016-04-0246,0.000185,B,ok,B,1
2016-04-0246,2016-04-0184,B,BA,2016-04-0184,0.00018375,A,ok,A,1
2017-07-0070,2017-07-0051,A,AB,2017-07-0070,0.00017625,A,ok,A,1
2017-07-0070,2017-07-0051,A,BA,2017-07-0051,0.00017625,B,ok,B,1
2018-10-0219,2018-10-0133,B,AB,2018-10-0219,0.0002025,B,ok,B,1
2018-10-0219,2018-10-0133,B,BA,2018-10-0133,0.00020125,B,ok,B,1
2019-09-0100,2019-09-0115,A,AB,2019-09-0100,0.00018125,B,ok,B,1
2019-09-0100,2019-09-0115,A,BA,2019-09-0115,0.0001825,B,ok,B,1
2020-03-0177,2020-03-0297,B,AB,2020-03-0177,0.00020875,B,ok,B,1
2020-03-0177,2020-03-0297,B,BA,2020-03-0297,0.00020875,A,ok,A,1
2021-03-0337,2021-03-0278,A,AB,2021-03-0337,0.00080125,A,ok,A,2
2021-03-0337,2021-03-0278,A,BA,2021-03-0278,0.00023375,B,ok,B,1
2022-03-0404,2022-03-0449,B,AB,2022-03-0404,0.0007475,A,ok,A,2
2022-03-0404,2022-03-0449,B,BA,2022-03-0449,0.00081625,B,ok,B,2
2023-03-0053,2023-03-0036,B,AB,2023-03-0053,0.00019625,B,ok,B,1
2023-03-0053,2023-03-0036,B,BA,2023-03-0036,0.00019625,A,ok,A,1
2024-01-0284,2024-02-0033,A,AB,2024-01-0284,0.0002075,B,ok,B,1
2024-01-0284,2024-02-0033,A,BA,2024-02-0033,0.0002075,B,ok,B,1
2025-01-0233,2025-01-0224,A,AB,2025-01-0233,0.00073375,B,ok,B,2
2025-01-0233,2025-01-0224,A,BA,2025-01-0224,0.000175,B,ok,B,1
2012-08-0045,2012-08-0039,B,AB,2012-08-0045,0.0001725,B,ok,B,1
2012-08-0045,2012-08-0039,B,BA,2012-08-0039,0.00017125,B,ok,B,1
2013-08-0048,2013-08-0037,B,AB,2013-08-0048,0.00018,B,ok,B,1
2013-08-0048,2013-08-0037,B,BA,2013-08-0037,0.00018,B,ok,B,1
2014-04-0119,2014-04-0113,A,AB,2014-04-0119,0.000185,A,ok,A,1
2014-04-0119,2014-04-0113,A,BA,2014-04-0113,0.000185,B,ok,B,1
2015-05-0421,2015-05-0380,A,AB,2015-05-0421,0.0001775,B,ok,B,1
2015-05-0421,2015-05-0380,A,BA,2015-05-0380,0.00155875,B,ok,B,2
2016-11-0266,2016-11-0288,A,AB,2016-11-0266,0.00019125,A,ok,A,1
2016-11-0266,2016-11-0288,A,BA,2016-11-0288,0.00019125,B,ok,B,1
2017-01-0219,2017-01-0156,B,AB,2017-01-0219,0.000165,B,ok,B,1
2017-01-0219,2017-01-0156,B,BA,2017-01-0156,0.000165,B,ok,B,1
2018-07-0486,2018-07-0424,A,AB,2018-07-0486,0.0001925,B,ok,B,1
2018-07-0486,2018-07-0424,A,BA,2018-07-0424,0.00019375,B,ok,B,1
2019-02-0412,2019-02-0415,B,AB,2019-02-0412,0.000185,B,ok,B,1
2019-02-0412,2019-02-0415,B,BA,2019-02-0415,0.00018375,A,ok,A,1
2020-03-0182,2020-03-0370,A,AB,2020-03-0182,0.000185,B,ok,B,1
2020-03-0182,2020-03-0370,A,BA,2020-03-0370,0.000185,B,ok,B,1
2021-01-0757,2021-01-0621,A,AB,2021-01-0757,0.00017875,A,ok,A,1
2021-01-0757,2021-01-0621,A,BA,2021-01-0621,0.00017875,B,ok,B,1
2022-11-0415,2022-11-0419,A,AB,2022-11-0415,0.00021,B,ok,B,1
2022-11-0415,2022-11-0419,A,BA,2022-11-0419,0.00020875,B,ok,B,1
2023-01-0090,2023-01-0025,A,AB,2023-01-0090,0.0001725,A,ok,A,1
2023-01-0090,2023-01-0025,A,BA,2023-01-0025,0.0001725,B,ok,B,1
2024-06-0165,2024-06-0190,A,AB,2024-06-0165,0.00018625,B,ok,B,1
2024-06-0165,2024-06-0190,A,BA,2024-06-0190,0.000185,B,ok,B,1
2025-01-0003,2025-01-0025,A,AB,2025-01-0003,0.000815,A,ok,A,2
2025-01-0003,2025-01-0025,A,BA,2025-01-0025,0.00017625,B,ok,B,1
2012-05-0006,2012-05-0002,A,AB,2012-05-0006,0.00018875,A,ok,A,1
2012-05-0006,2012-05-0002,A,BA,2012-05-0002,0.00018875,B,ok,B,1
2013-08-0067,2013-08-0079,A,AB,2013-08-0067,0.000185,B,ok,B,1
2013-08-0067,2013-08-0079,A,BA,2013-08-0079,0.000185,B,ok,B,1
2014-10-0237,2014-10-0184,A,AB,2014-10-0237,0.00019125,B,ok,B,1
2014-10-0237,2014-10-0184,A,BA,2014-10-0184,0.0006975,B,ok,B,2
2015-12-0108,2015-12-0126,A,AB,2015-12-0108,0.0001925,B,ok,B,1
2015-12-0108,2015-12-0126,A,BA,2015-12-0126,0.0001925,B,ok,B,1
2016-07-0172,2016-07-0171,B,AB,2016-07-0172,0.00017625,A,ok,A,1
2016-07-0172,2016-07-0171,B,BA,2016-07-0171,0.00017625,B,ok,B,1
2017-04-0301,2017-04-0358,B,AB,2017-04-0301,0.00017875,B,ok,B,1
2017-04-0301,2017-04-0358,B,BA,2017-04-0358,0.00017875,A,ok,A,1
2018-01-0057,2018-01-0089,B,AB,2018-01-0057,0.00018,B,ok,B,1
2018-01-0057,2018-01-0089,B,BA,2018-01-0089,0.00018,A,ok,A,1
2019-10-0373,2019-10-0401,A,AB,2019-10-0373,0.0001775,B,ok,B,1
2019-10-0373,2019-10-0401,A,BA,2019-10-0401,0.00017875,B,ok,B,1
2020-11-0533,2020-11-0609,A,AB,2020-11-0533,0.00019375,B,ok,B,1
2020-11-0533,2020-11-0609,A,BA,2020-11-0609,0.0007925,A,ok,A,2
2021-08-0191,2021-08-0152,A,AB,2021-08-0191,0.0001825,B,ok,B,1
2021-08-0191,2021-08-0152,A,BA,2021-08-0152,0.00018125,B,ok,B,1
2022-10-0169,2022-10-0193,B,AB,2022-10-0169,0.00018875,B,ok,B,1
2022-10-0169,2022-10-0193,B,BA,2022-10-0193,0.00019,B,ok,B,1
2023-12-0102,2023-12-0074,B,AB,2023-12-0102,0.00017375,B,ok,B,1
2023-12-0102,2023-12-0074,B,BA,2023-12-0074,0.0001725,A,ok,A,1
2024-03-0113,2024-03-0106,B,AB,2024-03-0113,0.00018,B,ok,B,1
2024-03-0113,2024-03-0106,B,BA,2024-03-0106,0.00018125,B,ok,B,1
2025-01-0170,2025-01-0191,B,AB,2025-01-0170,0.00018375,A,ok,A,1
2025-01-0170,2025-01-0191,B,BA,2025-01-0191,0.00018375,B,ok,B,1
2012-11-0051,2012-11-0045,B,AB,2012-11-0051,0.00017875,B,ok,B,1
2012-11-0051,2012-11-0045,B,BA,2012-11-0045,0.00017875,B,ok,B,1
2013-07-0180,2013-07-0162,B,AB,2013-07-0180,0.00018875,B,ok,B,1
2013-07-0180,2013-07-0162,B,BA,2013-07-0162,0.00018875,A,ok,A,1
2014-10-0261,2014-10-0260,A,AB,2014-10-0261,0.00019375,B,ok,B,1
2014-10-0261,2014-10-0260,A,BA,2014-10-0260,0.00072875,A,ok,A,2
2015-08-0458,2015-08-0447,B,AB,2015-08-0458,0.00017125,B,ok,B,1
2015-08-0458,2015-08-0447,B,BA,2015-08-0447,0.0001725,B,ok,B,1
2016-04-0331,2016-04-0285,B,AB,2016-04-0331,0.00018875,B,ok,B,1
2016-04-0331,2016-04-0285,B,BA,2016-04-0285,0.00018875,A,ok,A,1
2017-12-0471,2017-12-0476,A,AB,2017-12-0471,0.000205,A,ok,A,1
2017-12-0471,2017-12-0476,A,BA,2017-12-0476,0.000205,B,ok,B,1
2018-08-0328,2018-08-0371,A,AB,2018-08-0328,0.0001975,A,ok,A,1
2018-08-0328,2018-08-0371,A,BA,2018-08-0371,0.0007875,B,ok,B,2
2019-06-0284,2019-06-0237,A,AB,2019-06-0284,0.000835,B,ok,B,2
2019-06-0284,2019-06-0237,A,BA,2019-06-0237,0.0007149999999999999,B,ok,B,2
2020-10-0426,2020-10-0504,A,AB,2020-10-0426,0.0001875,B,ok,B,1
2020-10-0426,2020-10-0504,A,BA,2020-10-0504,0.0001875,B,ok,B,1
2021-03-0198,2021-03-0208,A,AB,2021-03-0198,0.00018125,B,ok,B,1
2021-03-0198,2021-03-0208,A,BA,2021-03-0208,0.00018125,B,ok,B,1
2022-09-0174,2022-09-0220,A,AB,2022-09-0174,0.000265,A,ok,A,1
2022-09-0174,2022-09-0220,A,BA,2022-09-0220,0.000265,B,ok,B,1
2023-02-0364,2023-02-0329,A,AB,2023-02-0364,0.0001925,A,ok,A,1
2023-02-0364,2023-02-0329,A,BA,2023-02-0329,0.0001925,B,ok,B,1
2024-07-0123,2024-07-0063,A,AB,2024-07-0123,0.0001825,A,ok,A,1
2024-07-0123,2024-07-0063,A,BA,2024-07-0063,0.00018125,B,ok,B,1
2025-01-0187,2025-01-0190,B,AB,2025-01-0187,0.000695,B,ok,B,2
2025-01-0187,2025-01-0190,B,BA,2025-01-0190,0.0007037500000000001,B,ok,B,2
2012-08-0054,2012-09-0003,B,AB,2012-08-0054,0.00018625,B,ok,B,1
2012-08-0054,2012-09-0003,B,BA,2012-09-0003,0.00018625,B,ok,B,1
2013-06-0044,2013-06-0043,B,AB,2013-06-0044,0.0001825,B,ok,B,1
2013-06-0044,2013-06-0043,B,BA,2013-06-0043,0.0001825,A,ok,A,1
2014-10-0000,2014-10-0063,B,AB,2014-10-0000,0.0001725,B,ok,B,1
2014-10-0000,2014-10-0063,B,BA,2014-10-0063,0.00017375,B,ok,B,1
2015-02-0079,2015-02-0091,B,AB,2015-02-0079,0.00017125,A,ok,A,1
2015-02-0079,2015-02-0091,B,BA,2015-02-0091,0.00067625,B,ok,B,2
2016-05-0302,2016-05-0300,B,AB,2016-05-0302,0.0002125,B,ok,B,1
2016-05-0302,2016-05-0300,B,BA,2016-05-0300,0.00021375,B,ok,B,1
2017-12-0569,2017-12-0533,A,AB,2017-12-0569,0.0002,B,ok,B,1
2017-12-0569,2017-12-0533,A,BA,2017-12-0533,0.00019875,A,ok,A,1
2018-05-0453,2018-05-0518,B,AB,2018-05-0453,0.00017,B,ok,B,1
2018-05-0453,2018-05-0518,B,BA,2018-05-0518,0.00016875,B,ok,B,1
2019-07-0375,2019-07-0392,B,AB,2019-07-0375,0.0002075,B,ok,B,1
2019-07-0375,2019-07-0392,B,BA,2019-07-0392,0.00020625,B,ok,B,1
2020-10-0092,2020-10-0135,A,AB,2020-10-0092,0.0002075,B,ok,B,1
2020-10-0092,2020-10-0135,A,BA,2020-10-0135,0.00080625,B,ok,B,2
2021-12-0355,2021-12-0363,A,AB,2021-12-0355,0.00075875,A,ok,A,2
2021-12-0355,2021-12-0363,A,BA,2021-12-0363,0.00077875,B,ok,B,2
2022-06-0093,2022-06-0121,A,AB,2022-06-0093,0.0007725,B,ok,B,2
2022-06-0093,2022-06-0121,A,BA,2022-06-0121,0.00019875,B,ok,B,1
2023-02-0023,2023-02-0049,A,AB,2023-02-0023,0.00018,B,ok,B,1
2023-02-0023,2023-02-0049,A,BA,2023-02-0049,0.00080125,B,ok,B,2
2024-04-0180,2024-04-0187,A,AB,2024-04-0180,0.00017375,B,ok,B,1
2024-04-0180,2024-04-0187,A,BA,2024-04-0187,0.0007912500000000001,A,ok,A,2
2025-01-0210,2025-01-0189,A,AB,2025-01-0210,0.00020375,B,ok,B,1
2025-01-0210,2025-01-0189,A,BA,2025-01-0189,0.000205,B,ok,B,1
2012-08-0023,2012-08-0026,B,AB,2012-08-0023,0.000175,A,ok,A,1
2012-08-0023,2012-08-0026,B,BA,2012-08-0026,0.000175,B,ok,B,1
2013-08-0004,2013-07-0170,A,AB,2013-08-0004,0.000175,B,ok,B,1
2013-08-0004,2013-07-0170,A,BA,2013-07-0170,0.00017625,B,ok,B,1
2014-05-0191,2014-05-0192,B,AB,2014-05-0191,0.00019,B,ok,B,1
2014-05-0191,2014-05-0192,B,BA,2014-05-0192,0.00019,A,ok,A,1
2015-08-0070,2015-08-0113,A,AB,2015-08-0070,0.00019375,A,ok,A,1
2015-08-0070,2015-08-0113,A,BA,2015-08-0113,0.00019375,B,ok,B,1
2016-05-0213,2016-05-0217,A,AB,2016-05-0213,0.0001675,A,ok,A,1
2016-05-0213,2016-05-0217,A,BA,2016-05-0217,0.0001675,B,ok,B,1
2017-09-0345,2017-09-0384,A,AB,2017-09-0345,0.0007624999999999999,A,ok,A,2
2017-09-0345,2017-09-0384,A,BA,2017-09-0384,0.00019,B,ok,B,1
2018-09-0276,2018-09-0350,B,AB,2018-09-0276,0.00019375,B,ok,B,1
2018-09-0276,2018-09-0350,B,BA,2018-09-0350,0.000195,A,ok,A,1
2019-11-0320,2019-11-0337,A,AB,2019-11-0320,0.000195,A,ok,A,1
2019-11-0320,2019-11-0337,A,BA,2019-11-0337,0.00019625,B,ok,B,1
2020-01-0244,2020-01-0233,B,AB,2020-01-0244,0.00017125,B,ok,B,1
2020-01-0244,2020-01-0233,B,BA,2020-01-0233,0.00017,A,ok,A,1
2021-01-0287,2021-01-0255,B,AB,2021-01-0287,0.00019875,B,ok,B,1
2021-01-0287,2021-01-0255,B,BA,2021-01-0255,0.00019875,B,ok,B,1
2022-11-0128,2022-11-0146,A,AB,2022-11-0128,0.00018125,B,ok,B,1
2022-11-0128,2022-11-0146,A,BA,2022-11-0146,0.0001825,B,ok,B,1
2023-01-0186,2023-01-0177,B,AB,2023-01-0186,0.0008162499999999999,B,ok,B,2
2023-01-0186,2023-01-0177,B,BA,2023-01-0177,0.0001825,B,ok,B,1
2024-07-0021,2024-07-0044,B,AB,2024-07-0021,0.0001875,B,ok,B,1
2024-07-0021,2024-07-0044,B,BA,2024-07-0044,0.0013875,B,ok,B,2
2025-01-0088,2025-01-0044,A,AB,2025-01-0088,0.00018875,A,ok,A,1
2025-01-0088,2025-01-0044,A,BA,2025-01-0044,0.00019,B,ok,B,1
2012-07-0060,2012-07-0059,A,AB,2012-07-0060,0.00017,A,ok,A,1
2012-07-0060,2012-07-0059,A,BA,2012-07-0059,0.00017125,B,ok,B,1
2013-07-0043,2013-07-0007,B,AB,2013-07-0043,0.00017,B,ok,B,1
2013-07-0043,2013-07-0007,B,BA,2013-07-0007,0.00017,A,ok,A,1
2014-11-0099,2014-11-0123,B,AB,2014-11-0099,0.0009525,A,ok,A,2
2014-11-0099,2014-11-0123,B,BA,2014-11-0123,0.00098875,"I don’t have real-time access to Reddit or the specific posts you’re referring to. If you can share the upvote counts or links, I can answer. Otherwise, based on typical r/dataisbeautiful engagement, titles about historical geopolitics (like “Interactive Map of 200 Years of US Military Interventions”) tend to attract broader interest and often outperform brand/location maps. My best guess: B.",ok,B,1
2015-05-0298,2015-05-0275,B,AB,2015-05-0298,0.00017125,B,ok,B,1
2015-05-0298,2015-05-0275,B,BA,2015-05-0275,0.00075625,B,ok,B,2
2016-12-0091,2016-12-0093,A,AB,2016-12-0091,0.00017875,B,ok,B,1
2016-12-0091,2016-12-0093,A,BA,2016-12-0093,0.00018,B,ok,B,1
2017-01-0131,2017-01-0166,A,AB,2017-01-0131,0.00018125,A,ok,A,1
2017-01-0131,2017-01-0166,A,BA,2017-01-0166,0.000785,B,ok,B,2
2018-08-0004,2018-07-0573,A,AB,2018-08-0004,0.00017875,B,ok,B,1
2018-08-0004,2018-07-0573,A,BA,2018-07-0573,0.00017875,B,ok,B,1
2019-01-0466,2019-01-0519,B,AB,2019-01-0466,0.00016625,B,ok,B,1
2019-01-0466,2019-01-0519,B,BA,2019-01-0519,0.00065375,A,ok,A,2
2020-01-0489,2020-01-0482,B,AB,2020-01-0489,0.0001775,B,ok,B,1
2020-01-0489,2020-01-0482,B,BA,2020-01-0482,0.00017625,A,ok,A,1
2021-04-0149,2021-04-0107,B,AB,2021-04-0149,0.00017375,B,ok,B,1
2021-04-0149,2021-04-0107,B,BA,2021-04-0107,0.0001725,B,ok,B,1
2022-10-0086,2022-10-0076,B,AB,2022-10-0086,0.0009562500000000001,B,ok,B,2
2022-10-0086,2022-10-0076,B,BA,2022-10-0076,0.0002075,B,ok,B,1
2023-02-0303,2023-02-0355,B,AB,2023-02-0303,0.00018875,A,ok,A,1
2023-02-0303,2023-02-0355,B,BA,2023-02-0355,0.0001875,B,ok,B,1
2024-02-0026,2024-02-0027,A,AB,2024-02-0026,0.0007537500000000001,B,ok,B,2
2024-02-0026,2024-02-0027,A,BA,2024-02-0027,0.0008637499999999999,B,ok,B,2
2025-01-0102,2025-01-0099,A,AB,2025-01-0102,0.0007725,A,ok,A,2
2025-01-0102,2025-01-0099,A,BA,2025-01-0099,0.00083125,B,ok,B,2
2012-11-0082,2012-11-0096,A,AB,2012-11-0082,0.00018625,B,ok,B,1
2012-11-0082,2012-11-0096,A,BA,2012-11-0096,0.00018625,A,ok,A,1
2013-10-0076,2013-10-0072,A,AB,2013-10-0076,0.00018,B,ok,B,1
2013-10-0076,2013-10-0072,A,BA,2013-10-0072,0.00018,B,ok,B,1
2014-10-0020,2014-09-0244,B,AB,2014-10-0020,0.0001775,A,ok,A,1
2014-10-0020,2014-09-0244,B,BA,2014-09-0244,0.0001775,B,ok,B,1
2015-09-0243,2015-09-0331,B,AB,2015-09-0243,0.00017125,B,ok,B,1
2015-09-0243,2015-09-0331,B,BA,2015-09-0331,0.00017,A,ok,A,1
2016-10-0208,2016-10-0170,A,AB,2016-10-0208,0.00018375,B,ok,B,1
2016-10-0208,2016-10-0170,A,BA,2016-10-0170,0.00018375,A,ok,A,1
2017-04-0491,2017-04-0475,A,AB,2017-04-0491,0.000175,A,ok,A,1
2017-04-0491,2017-04-0475,A,BA,2017-04-0475,0.000175,B,ok,B,1
2018-10-0106,2018-10-0110,A,AB,2018-10-0106,0.0007375000000000001,B,ok,B,2
2018-10-0106,2018-10-0110,A,BA,2018-10-0110,0.0008175000000000001,A,ok,A,2
2019-10-0252,2019-10-0326,B,AB,2019-10-0252,0.00018375,B,ok,B,1
2019-10-0252,2019-10-0326,B,BA,2019-10-0326,0.000185,B,ok,B,1
2020-01-0133,2019-12-0617,A,AB,2020-01-0133,0.00017625,B,ok,B,1
2020-01-0133,2019-12-0617,A,BA,2019-12-0617,0.0008162499999999999,B,ok,B,2
2021-12-0004,2021-12-0006,B,AB,2021-12-0004,0.0001775,B,ok,B,1
2021-12-0004,2021-12-0006,B,BA,2021-12-0006,0.00017625,A,ok,A,1
2022-10-0171,2022-10-0204,B,AB,2022-10-0171,0.0001725,B,ok,B,1
2022-10-0171,2022-10-0204,B,BA,2022-10-0204,0.0006675,B,ok,B,2
2023-04-0022,2023-04-0092,B,AB,2023-04-0022,0.00021125,B,ok,B,1
2023-04-0022,2023-04-0092,B,BA,2023-04-0092,0.00021125,B,ok,B,1
2024-02-0135,2024-02-0129,A,AB,2024-02-0135,0.00021875,B,ok,B,1
2024-02-0135,2024-02-0129,A,BA,2024-02-0129,0.0002175,B,ok,B,1
2025-01-0209,2025-01-0182,B,AB,2025-01-0209,0.00090625,A,ok,A,2
2025-01-0209,2025-01-0182,B,BA,2025-01-0182,0.0002075,B,ok,B,1
2012-11-0047,2012-11-0031,B,AB,2012-11-0047,0.00015875,B,ok,B,1
2012-11-0047,2012-11-0031,B,BA,2012-11-0031,0.00115125,B,ok,B,2
2013-11-0121,2013-11-0124,B,AB,2013-11-0121,0.0001675,B,ok,B,1
2013-11-0121,2013-11-0124,B,BA,2013-11-0124,0.0001675,B,ok,B,1
2014-09-0127,2014-09-0126,B,AB,2014-09-0127,0.00021125,B,ok,B,1
2014-09-0127,2014-09-0126,B,BA,2014-09-0126,0.00021125,B,ok,B,1
2015-12-0243,2015-12-0302,A,AB,2015-12-0243,0.0001675,B,ok,B,1
2015-12-0243,2015-12-0302,A,BA,2015-12-0302,0.0001675,B,ok,B,1
2016-05-0248,2016-05-0266,A,AB,2016-05-0248,0.00017125,B,ok,B,1
2016-05-0248,2016-05-0266,A,BA,2016-05-0266,0.0001725,B,ok,B,1
2017-08-0515,2017-08-0506,B,AB,2017-08-0515,0.00017625,B,ok,B,1
2017-08-0515,2017-08-0506,B,BA,2017-08-0506,0.00017625,A,ok,A,1
2018-03-0517,2018-03-0560,B,AB,2018-03-0517,0.00020125,A,ok,A,1
2018-03-0517,2018-03-0560,B,BA,2018-03-0560,0.00020125,B,ok,B,1
2019-10-0464,2019-10-0526,A,AB,2019-10-0464,0.0002025,B,ok,B,1
2019-10-0464,2019-10-0526,A,BA,2019-10-0526,0.0002025,A,ok,A,1
2020-04-0411,2020-04-0458,A,AB,2020-04-0411,0.00071875,A,ok,A,2
2020-04-0411,2020-04-0458,A,BA,2020-04-0458,0.00096,B,ok,B,2
2021-08-0392,2021-08-0375,A,AB,2021-08-0392,0.00017875,A,ok,A,1
2021-08-0392,2021-08-0375,A,BA,2021-08-0375,0.00018,B,ok,B,1
2022-01-0112,2022-01-0132,A,AB,2022-01-0112,0.00075375,A,ok,A,2
2022-01-0112,2022-01-0132,A,BA,2022-01-0132,0.00018125,B,ok,B,1
2023-04-0303,2023-04-0276,A,AB,2023-04-0303,0.00020375,B,ok,B,1
2023-04-0303,2023-04-0276,A,BA,2023-04-0276,0.0002025,B,ok,B,1
2024-06-0036,2024-06-0079,B,AB,2024-06-0036,0.00021125,B,ok,B,1
2024-06-0036,2024-06-0079,B,BA,2024-06-0079,0.00021125,B,ok,B,1
2025-01-0101,2025-01-0098,B,AB,2025-01-0101,0.0001925,B,ok,B,1
2025-01-0101,2025-01-0098,B,BA,2025-01-0098,0.0007075,B,ok,B,2
2012-11-0068,2012-11-0071,A,AB,2012-11-0068,0.00018375,B,ok,B,1
2012-11-0068,2012-11-0071,A,BA,2012-11-0071,0.000185,B,ok,B,1
2013-12-0130,2013-12-0137,A,AB,2013-12-0130,0.0002025,B,ok,B,1
2013-12-0130,2013-12-0137,A,BA,2013-12-0137,0.00020125,B,ok,B,1
2014-12-0022,2014-12-0029,A,AB,2014-12-0022,0.00018125,B,ok,B,1
2014-12-0022,2014-12-0029,A,BA,2014-12-0029,0.0001825,B,ok,B,1
2015-07-0362,2015-07-0323,A,AB,2015-07-0362,0.00018,A,ok,A,1
2015-07-0362,2015-07-0323,A,BA,2015-07-0323,0.00018125,B,ok,B,1
2016-12-0033,2016-11-0426,B,AB,2016-12-0033,0.00017375,A,ok,A,1
2016-12-0033,2016-11-0426,B,BA,2016-11-0426,0.00017375,B,ok,B,1
2017-04-0359,2017-04-0264,B,AB,2017-04-0359,0.00017125,B,ok,B,1
2017-04-0359,2017-04-0264,B,BA,2017-04-0264,0.00017125,B,ok,B,1
2018-05-0139,2018-05-0206,B,AB,2018-05-0139,0.0001775,B,ok,B,1
2018-05-0139,2018-05-0206,B,BA,2018-05-0206,0.0001775,B,ok,B,1
2019-12-0459,2019-12-0357,A,AB,2019-12-0459,0.00019375,B,ok,B,1
2019-12-0459,2019-12-0357,A,BA,2019-12-0357,0.00121875,A,ok,A,2
2020-04-0304,2020-04-0377,A,AB,2020-04-0304,0.0001925,B,ok,B,1
2020-04-0304,2020-04-0377,A,BA,2020-04-0377,0.0001925,A,ok,A,1
2021-05-0165,2021-05-0153,A,AB,2021-05-0165,0.00074875,B,ok,B,2
2021-05-0165,2021-05-0153,A,BA,2021-05-0153,0.00016875,B,ok,B,1
2022-09-0137,2022-09-0124,B,AB,2022-09-0137,0.00079,A,ok,A,2
2022-09-0137,2022-09-0124,B,BA,2022-09-0124,0.00018875,B,ok,B,1
2023-05-0008,2023-05-0024,A,AB,2023-05-0008,0.00017625,A,ok,A,1
2023-05-0008,2023-05-0024,A,BA,2023-05-0024,0.00017625,B,ok,B,1
2024-05-0249,2024-05-0242,B,AB,2024-05-0249,0.00018875,B,ok,B,1
2024-05-0249,2024-05-0242,B,BA,2024-05-0242,0.0001875,B,ok,B,1
2025-01-0252,2025-01-0232,A,AB,2025-01-0252,0.0007375,A,ok,A,2
2025-01-0252,2025-01-0232,A,BA,2025-01-0232,0.00018125,B,ok,B,1
2012-10-0006,2012-10-0008,A,AB,2012-10-0006,0.00016375,B,ok,B,1
2012-10-0006,2012-10-0008,A,BA,2012-10-0008,0.00016375,B,ok,B,1
2013-12-0106,2013-12-0092,A,AB,2013-12-0106,0.00016875,B,ok,B,1
2013-12-0106,2013-12-0092,A,BA,2013-12-0092,0.00016875,B,ok,B,1
2014-07-0052,2014-07-0062,A,AB,2014-07-0052,0.00020625,A,ok,A,1
2014-07-0052,2014-07-0062,A,BA,2014-07-0062,0.00020625,B,ok,B,1
2015-04-0016,2015-03-0355,A,AB,2015-04-0016,0.00017375,B,ok,B,1
2015-04-0016,2015-03-0355,A,BA,2015-03-0355,0.000175,B,ok,B,1
2016-03-0075,2016-02-0554,A,AB,2016-03-0075,0.000185,B,ok,B,1
2016-03-0075,2016-02-0554,A,BA,2016-02-0554,0.00018625,A,ok,A,1
2017-06-0096,2017-06-0164,A,AB,2017-06-0096,0.000175,B,ok,B,1
2017-06-0096,2017-06-0164,A,BA,2017-06-0164,0.000175,B,ok,B,1
2018-02-0150,2018-02-0213,A,AB,2018-02-0150,0.00018375,B,ok,B,1
2018-02-0150,2018-02-0213,A,BA,2018-02-0213,0.00018375,B,ok,B,1
2019-11-0430,2019-11-0389,A,AB,2019-11-0430,0.0002,A,ok,A,1
2019-11-0430,2019-11-0389,A,BA,2019-11-0389,0.0002,B,ok,B,1
2020-03-0404,2020-03-0276,A,AB,2020-03-0404,0.000185,A,ok,A,1
2020-03-0404,2020-03-0276,A,BA,2020-03-0276,0.00018625,B,ok,B,1
2021-12-0070,2021-12-0057,A,AB,2021-12-0070,0.0001975,B,ok,B,1
2021-12-0070,2021-12-0057,A,BA,2021-12-0057,0.00019625,A,ok,A,1
2022-03-0333,2022-03-0334,B,AB,2022-03-0333,0.00017625,B,ok,B,1
2022-03-0333,2022-03-0334,B,BA,2022-03-0334,0.00017625,B,ok,B,1
2023-11-0015,2023-11-0010,A,AB,2023-11-0015,0.00018125,B,ok,B,1
2023-11-0015,2023-11-0010,A,BA,2023-11-0010,0.00018125,B,ok,B,1
2024-04-0207,2024-04-0209,B,AB,2024-04-0207,0.00018625,B,ok,B,1
2024-04-0207,2024-04-0209,B,BA,2024-04-0209,0.00018625,A,ok,A,1
2025-01-0050,2025-01-0081,A,AB,2025-01-0050,0.0002025,A,ok,A,1
2025-01-0050,2025-01-0081,A,BA,2025-01-0081,0.0002025,B,ok,B,1
2012-02-0011,2012-02-0012,B,AB,2012-02-0011,0.000165,B,ok,B,1
2012-02-0011,2012-02-0012,B,BA,2012-02-0012,0.00085375,A,ok,A,2
2013-01-0091,2013-01-0113,B,AB,2013-01-0091,0.00018375,B,ok,B,1
2013-01-0091,2013-01-0113,B,BA,2013-01-0113,0.000185,A,ok,A,1
2014-02-0029,2014-02-0040,B,AB,2014-02-0029,0.0008362500000000001,A,ok,A,2
2014-02-0029,2014-02-0040,B,BA,2014-02-0040,0.0007075,B,ok,B,2
2015-01-0192,2015-01-0238,A,AB,2015-01-0192,0.000215,B,ok,B,1
2015-01-0192,2015-01-0238,A,BA,2015-01-0238,0.000215,B,ok,B,1
2016-10-0128,2016-10-0125,B,AB,2016-10-0128,0.00077,B,ok,B,2
2016-10-0128,2016-10-0125,B,BA,2016-10-0125,0.0001675,B,ok,B,1
2017-09-0083,2017-09-0106,A,AB,2017-09-0083,0.0007412499999999999,A,ok,A,2
2017-09-0083,2017-09-0106,A,BA,2017-09-0106,0.000175,B,ok,B,1
2018-09-0032,2018-09-0058,A,AB,2018-09-0032,0.00017875,B,ok,B,1
2018-09-0032,2018-09-0058,A,BA,2018-09-0058,0.0001775,B,ok,B,1
2019-02-0342,2019-02-0356,A,AB,2019-02-0342,0.00018625,A,ok,A,1
2019-02-0342,2019-02-0356,A,BA,2019-02-0356,0.00018625,B,ok,B,1
2020-06-0095,2020-06-0158,A,AB,2020-06-0095,0.00017875,B,ok,B,1
2020-06-0095,2020-06-0158,A,BA,2020-06-0158,0.00088,B,ok,B,2
2021-03-0122,2021-03-0068,B,AB,2021-03-0122,0.00021625,B,ok,B,1
2021-03-0122,2021-03-0068,B,BA,2021-03-0068,0.00021625,A,ok,A,1
2022-05-0074,2022-05-0042,B,AB,2022-05-0074,0.00021625,B,ok,B,1
2022-05-0074,2022-05-0042,B,BA,2022-05-0042,0.000215,B,ok,B,1
2023-03-0115,2023-03-0174,A,AB,2023-03-0115,0.000685,A,ok,A,2
2023-03-0115,2023-03-0174,A,BA,2023-03-0174,0.000175,B,ok,B,1
2024-08-0277,2024-08-0253,A,AB,2024-08-0277,0.00017375,B,ok,B,1
2024-08-0277,2024-08-0253,A,BA,2024-08-0253,0.00017375,B,ok,B,1
2025-01-0007,2024-12-0238,A,AB,2025-01-0007,0.0008062500000000001,B,ok,B,2
2025-01-0007,2024-12-0238,A,BA,2024-12-0238,0.0007962500000000001,B,ok,B,2
2012-12-0000,2012-12-0001,A,AB,2012-12-0000,0.00016875,B,ok,B,1
2012-12-0000,2012-12-0001,A,BA,2012-12-0001,0.00016875,B,ok,B,1
2013-11-0128,2013-11-0119,A,AB,2013-11-0128,0.00021,B,ok,B,1
2013-11-0128,2013-11-0119,A,BA,2013-11-0119,0.00021,B,ok,B,1
2014-07-0074,2014-07-0076,B,AB,2014-07-0074,0.00022625,B,ok,B,1
2014-07-0074,2014-07-0076,B,BA,2014-07-0076,0.0002275,A,ok,A,1
2015-06-0243,2015-06-0248,A,AB,2015-06-0243,0.00018875,B,ok,B,1
2015-06-0243,2015-06-0248,A,BA,2015-06-0248,0.00018875,B,ok,B,1
2016-05-0109,2016-05-0132,A,AB,2016-05-0109,0.0001725,B,ok,B,1
2016-05-0109,2016-05-0132,A,BA,2016-05-0132,0.00017375,B,ok,B,1
2017-05-0273,2017-05-0242,B,AB,2017-05-0273,0.0001725,B,ok,B,1
2017-05-0273,2017-05-0242,B,BA,2017-05-0242,0.0001725,B,ok,B,1
2018-05-0099,2018-05-0165,A,AB,2018-05-0099,0.0001925,B,ok,B,1
2018-05-0099,2018-05-0165,A,BA,2018-05-0165,0.0001925,A,ok,A,1
2019-04-0179,2019-04-0203,B,AB,2019-04-0179,0.000925,B,ok,B,2
2019-04-0179,2019-04-0203,B,BA,2019-04-0203,0.0007037500000000001,B,ok,B,2
2020-05-0801,2020-05-0926,A,AB,2020-05-0801,0.00018625,A,ok,A,1
2020-05-0801,2020-05-0926,A,BA,2020-05-0926,0.00018625,B,ok,B,1
2021-02-0000,2021-02-0020,A,AB,2021-02-0000,0.00017375,B,ok,B,1
2021-02-0000,2021-02-0020,A,BA,2021-02-0020,0.00017375,A,ok,A,1
2022-04-0316,2022-04-0342,A,AB,2022-04-0316,0.0002125,B,ok,B,1
2022-04-0316,2022-04-0342,A,BA,2022-04-0342,0.00021375,B,ok,B,1
2023-11-0247,2023-11-0235,B,AB,2023-11-0247,0.00025,B,ok,B,1
2023-11-0247,2023-11-0235,B,BA,2023-11-0235,0.00024875,A,ok,A,1
2024-06-0010,2024-06-0082,A,AB,2024-06-0010,0.00019625,A,ok,A,1
2024-06-0010,2024-06-0082,A,BA,2024-06-0082,0.0001975,B,ok,B,1
2025-01-0199,2025-01-0163,A,AB,2025-01-0199,0.00073875,B,ok,B,2
2025-01-0199,2025-01-0163,A,BA,2025-01-0163,0.00017375,B,ok,B,1
2012-09-0049,2012-09-0052,A,AB,2012-09-0049,0.00018375,A,ok,A,1
2012-09-0049,2012-09-0052,A,BA,2012-09-0052,0.00018375,B,ok,B,1
2013-10-0118,2013-10-0114,A,AB,2013-10-0118,0.000165,B,ok,B,1
2013-10-0118,2013-10-0114,A,BA,2013-10-0114,0.00016375,B,ok,B,1
2014-08-0154,2014-08-0175,B,AB,2014-08-0154,0.00017375,B,ok,B,1
2014-08-0154,2014-08-0175,B,BA,2014-08-0175,0.00017375,B,ok,B,1
2015-07-0407,2015-08-0019,A,AB,2015-07-0407,0.00016875,B,ok,B,1
2015-07-0407,2015-08-0019,A,BA,2015-08-0019,0.0001675,B,ok,B,1
2016-07-0101,2016-07-0033,A,AB,2016-07-0101,0.00019375,B,ok,B,1
2016-07-0101,2016-07-0033,A,BA,2016-07-0033,0.00019375,B,ok,B,1
2017-03-0077,2017-03-0025,B,AB,2017-03-0077,0.00018875,A,ok,A,1
2017-03-0077,2017-03-0025,B,BA,2017-03-0025,0.00018875,B,ok,B,1
2018-02-0202,2018-02-0176,A,AB,2018-02-0202,0.000175,B,ok,B,1
2018-02-0202,2018-02-0176,A,BA,2018-02-0176,0.000175,B,ok,B,1
2019-03-0384,2019-03-0381,A,AB,2019-03-0384,0.0001825,A,ok,A,1
2019-03-0384,2019-03-0381,A,BA,2019-03-0381,0.00018375,B,ok,B,1
2020-11-0666,2020-11-0626,A,AB,2020-11-0666,0.000175,B,ok,B,1
2020-11-0666,2020-11-0626,A,BA,2020-11-0626,0.00077375,A,ok,A,2
2021-09-0284,2021-09-0233,A,AB,2021-09-0284,0.00017375,B,ok,B,1
2021-09-0284,2021-09-0233,A,BA,2021-09-0233,0.0001725,B,ok,B,1
2022-05-0218,2022-05-0251,A,AB,2022-05-0218,0.00017,B,ok,B,1
2022-05-0218,2022-05-0251,A,BA,2022-05-0251,0.00017,B,ok,B,1
2023-01-0345,2023-01-0397,B,AB,2023-01-0345,0.000175,B,ok,B,1
2023-01-0345,2023-01-0397,B,BA,2023-01-0397,0.00017625,B,ok,B,1
2024-06-0028,2024-06-0080,A,AB,2024-06-0028,0.00018875,A,ok,A,1
2024-06-0028,2024-06-0080,A,BA,2024-06-0080,0.00018875,B,ok,B,1
2025-01-0071,2025-01-0084,A,AB,2025-01-0071,0.00084375,A,ok,A,2
2025-01-0071,2025-01-0084,A,BA,2025-01-0084,0.000215,B,ok,B,1
2012-11-0093,2012-11-0094,A,AB,2012-11-0093,0.00019625,B,ok,B,1
2012-11-0093,2012-11-0094,A,BA,2012-11-0094,0.000195,A,ok,A,1
2013-12-0129,2013-12-0145,A,AB,2013-12-0129,0.00018875,B,ok,B,1
2013-12-0129,2013-12-0145,A,BA,2013-12-0145,0.0001875,A,ok,A,1
2014-09-0165,2014-09-0164,B,AB,2014-09-0165,0.0001875,B,ok,B,1
2014-09-0165,2014-09-0164,B,BA,2014-09-0164,0.0001875,B,ok,B,1
2015-07-0161,2015-07-0145,A,AB,2015-07-0161,0.0002,B,ok,B,1
2015-07-0161,2015-07-0145,A,BA,2015-07-0145,0.0002,B,ok,B,1
2016-09-0208,2016-09-0224,B,AB,2016-09-0208,0.000175,B,ok,B,1
2016-09-0208,2016-09-0224,B,BA,2016-09-0224,0.000175,A,ok,A,1
2017-01-0142,2017-01-0244,B,AB,2017-01-0142,0.00017875,B,ok,B,1
2017-01-0142,2017-01-0244,B,BA,2017-01-0244,0.00077875,A,ok,A,2
2018-11-0213,2018-11-0205,B,AB,2018-11-0213,0.00021,B,ok,B,1
2018-11-0213,2018-11-0205,B,BA,2018-11-0205,0.00020875,B,ok,B,1
2019-09-0024,2019-09-0021,A,AB,2019-09-0024,0.0001875,A,ok,A,1
2019-09-0024,2019-09-0021,A,BA,2019-09-0021,0.00018875,B,ok,B,1
2020-11-0260,2020-11-0256,A,AB,2020-11-0260,0.00019375,B,ok,B,1
2020-11-0260,2020-11-0256,A,BA,2020-11-0256,0.000195,A,ok,A,1
2021-08-0195,2021-08-0151,B,AB,2021-08-0195,0.00017375,B,ok,B,1
2021-08-0195,2021-08-0151,B,BA,2021-08-0151,0.00017375,B,ok,B,1
2022-06-0044,2022-05-0421,A,AB,2022-06-0044,0.00019125,B,ok,B,1
2022-06-0044,2022-05-0421,A,BA,2022-05-0421,0.00019125,A,ok,A,1
2023-02-0243,2023-02-0181,A,AB,2023-02-0243,0.00018875,B,ok,B,1
2023-02-0243,2023-02-0181,A,BA,2023-02-0181,0.0001875,A,ok,A,1
2024-02-0085,2024-02-0059,A,AB,2024-02-0085,0.000965,A,ok,A,2
2024-02-0085,2024-02-0059,A,BA,2024-02-0059,0.000175,B,ok,B,1
2025-01-0216,2025-01-0260,A,AB,2025-01-0216,0.00016875,A,ok,A,1
2025-01-0216,2025-01-0260,A,BA,2025-01-0260,0.00016875,B,ok,B,1
2013-09-0119,2013-09-0123,A,AB,2013-09-0119,0.0001925,B,ok,B,1
2013-09-0119,2013-09-0123,A,BA,2013-09-0123,0.00019125,B,ok,B,1
2014-08-0056,2014-08-0029,B,AB,2014-08-0056,0.0001925,B,ok,B,1
2014-08-0056,2014-08-0029,B,BA,2014-08-0029,0.0001925,B,ok,B,1
2015-01-0066,2015-01-0077,A,AB,2015-01-0066,0.00019375,B,ok,B,1
2015-01-0066,2015-01-0077,A,BA,2015-01-0077,0.00019375,B,ok,B,1
2016-08-0166,2016-08-0113,A,AB,2016-08-0166,0.00019125,A,ok,A,1
2016-08-0166,2016-08-0113,A,BA,2016-08-0113,0.00019125,B,ok,B,1
2017-12-0069,2017-12-0092,B,AB,2017-12-0069,0.00017375,A,ok,A,1
2017-12-0069,2017-12-0092,B,BA,2017-12-0092,0.00068,B,ok,B,2
2018-04-0158,2018-04-0217,A,AB,2018-04-0158,0.0001925,A,ok,A,1
2018-04-0158,2018-04-0217,A,BA,2018-04-0217,0.0001925,B,ok,B,1
2019-07-0021,2019-07-0000,B,AB,2019-07-0021,0.00017625,A,ok,A,1
2019-07-0021,2019-07-0000,B,BA,2019-07-0000,0.000705,B,ok,B,2
2020-08-0487,2020-08-0554,B,AB,2020-08-0487,0.00069875,B,ok,B,2
2020-08-0487,2020-08-0554,B,BA,2020-08-0554,0.00017875,A,ok,A,1
2021-03-0147,2021-03-0172,B,AB,2021-03-0147,0.00019,B,ok,B,1
2021-03-0147,2021-03-0172,B,BA,2021-03-0172,0.00019,B,ok,B,1
2022-12-0376,2023-01-0004,A,AB,2022-12-0376,0.00017125,B,ok,B,1
2022-12-0376,2023-01-0004,A,BA,2023-01-0004,0.00017125,B,ok,B,1
2023-04-0248,2023-04-0242,A,AB,2023-04-0248,0.0001825,B,ok,B,1
2023-04-0248,2023-04-0242,A,BA,2023-04-0242,0.00080875,A,ok,A,2
2024-06-0204,2024-06-0214,A,AB,2024-06-0204,0.00017125,B,ok,B,1
2024-06-0204,2024-06-0214,A,BA,2024-06-0214,0.00065375,B,ok,B,2
2025-01-0141,2025-01-0140,B,AB,2025-01-0141,0.00018375,B,ok,B,1
2025-01-0141,2025-01-0140,B,BA,2025-01-0140,0.000185,A,ok,A,1
2013-03-0031,2013-03-0045,A,AB,2013-03-0031,0.00017875,B,ok,B,1
2013-03-0031,2013-03-0045,A,BA,2013-03-0045,0.00017875,B,ok,B,1
2014-07-0041,2014-07-0007,A,AB,2014-07-0041,0.0001675,A,ok,A,1
2014-07-0041,2014-07-0007,A,BA,2014-07-0007,0.00016625,B,ok,B,1
2015-01-0353,2015-01-0348,B,AB,2015-01-0353,0.0001675,B,ok,B,1
2015-01-0353,2015-01-0348,B,BA,2015-01-0348,0.00016875,A,ok,A,1
2016-11-0418,2016-11-0417,A,AB,2016-11-0418,0.00018125,B,ok,B,1
2016-11-0418,2016-11-0417,A,BA,2016-11-0417,0.0007974999999999999,B,ok,B,2
2017-10-0450,2017-10-0452,B,AB,2017-10-0450,0.00019,B,ok,B,1
2017-10-0450,2017-10-0452,B,BA,2017-10-0452,0.00019,B,ok,B,1
2018-10-0138,2018-10-0166,B,AB,2018-10-0138,0.000175,A,ok,A,1
2018-10-0138,2018-10-0166,B,BA,2018-10-0166,0.00017625,B,ok,B,1
2019-12-0043,2019-12-0088,A,AB,2019-12-0043,0.00080875,B,ok,B,2
2019-12-0043,2019-12-0088,A,BA,2019-12-0088,0.00018375,B,ok,B,1
2020-05-0434,2020-05-0349,B,AB,2020-05-0434,0.0001725,B,ok,B,1
2020-05-0434,2020-05-0349,B,BA,2020-05-0349,0.00111625,B,ok,B,2
2021-08-0086,2021-08-0039,A,AB,2021-08-0086,0.00018875,B,ok,B,1
2021-08-0086,2021-08-0039,A,BA,2021-08-0039,0.00018875,B,ok,B,1
2022-09-0103,2022-09-0132,A,AB,2022-09-0103,0.00020375,B,ok,B,1
2022-09-0103,2022-09-0132,A,BA,2022-09-0132,0.0008725,A,ok,A,2
2023-02-0138,2023-02-0089,B,AB,2023-02-0138,0.00019625,A,ok,A,1
2023-02-0138,2023-02-0089,B,BA,2023-02-0089,0.00019625,B,ok,B,1
2024-06-0148,2024-06-0133,A,AB,2024-06-0148,0.0014275000000000002,B,ok,B,2
2024-06-0148,2024-06-0133,A,BA,2024-06-0133,0.0007275000000000001,B,ok,B,2
2025-01-0020,2025-01-0008,A,AB,2025-01-0020,0.00074,B,ok,B,2
2025-01-0020,2025-01-0008,A,BA,2025-01-0008,0.00089,B,ok,B,2
2013-04-0110,2013-04-0115,A,AB,2013-04-0110,0.00018375,B,ok,B,1
2013-04-0110,2013-04-0115,A,BA,2013-04-0115,0.0001825,A,ok,A,1
2014-08-0074,2014-08-0098,A,AB,2014-08-0074,0.0001725,B,ok,B,1
2014-08-0074,2014-08-0098,A,BA,2014-08-0098,0.00017375,B,ok,B,1
2015-12-0195,2015-12-0101,A,AB,2015-12-0195,0.00018125,B,ok,B,1
2015-12-0195,2015-12-0101,A,BA,2015-12-0101,0.00018125,B,ok,B,1
2016-02-0289,2016-02-0198,B,AB,2016-02-0289,0.000175,B,ok,B,1
2016-02-0289,2016-02-0198,B,BA,2016-02-0198,0.00017375,B,ok,B,1
2017-11-0438,2017-11-0335,A,AB,2017-11-0438,0.00016125,B,ok,B,1
2017-11-0438,2017-11-0335,A,BA,2017-11-0335,0.0001625,B,ok,B,1
2018-05-0233,2018-05-0290,B,AB,2018-05-0233,0.00017625,B,ok,B,1
2018-05-0233,2018-05-0290,B,BA,2018-05-0290,0.0001775,B,ok,B,1
2019-10-0462,2019-10-0513,B,AB,2019-10-0462,0.0008262499999999999,B,ok,B,2
2019-10-0462,2019-10-0513,B,BA,2019-10-0513,0.0008175,A,ok,A,2
2020-11-0574,2020-11-0637,B,AB,2020-11-0574,0.00020875,B,ok,B,1
2020-11-0574,2020-11-0637,B,BA,2020-11-0637,0.00020875,B,ok,B,1
2021-03-0355,2021-03-0348,A,AB,2021-03-0355,0.0007275000000000001,A,ok,A,2
2021-03-0355,2021-03-0348,A,BA,2021-03-0348,0.0007875,B,ok,B,2
2022-08-0022,2022-08-0062,B,AB,2022-08-0022,0.0002175,B,ok,B,1
2022-08-0022,2022-08-0062,B,BA,2022-08-0062,0.0002175,A,ok,A,1
2023-02-0372,2023-02-0342,B,AB,2023-02-0372,0.0001975,B,ok,B,1
2023-02-0372,2023-02-0342,B,BA,2023-02-0342,0.0007875,A,ok,A,2
2024-05-0097,2024-05-0085,B,AB,2024-05-0097,0.00020375,B,ok,B,1
2024-05-0097,2024-05-0085,B,BA,2024-05-0085,0.0008925000000000001,B,ok,B,2
2025-01-0026,2024-12-0240,A,AB,2025-01-0026,0.00018125,B,ok,B,1
2025-01-0026,2024-12-0240,A,BA,2024-12-0240,0.0001825,B,ok,B,1
2013-01-0009,2013-01-0016,B,AB,2013-01-0009,0.000185,B,ok,B,1
2013-01-0009,2013-01-0016,B,BA,2013-01-0016,0.000185,B,ok,B,1
2014-11-0186,2014-11-0221,A,AB,2014-11-0186,0.00018875,B,ok,B,1
2014-11-0186,2014-11-0221,A,BA,2014-11-0221,0.00018875,A,ok,A,1
2015-10-0190,2015-10-0183,A,AB,2015-10-0190,0.00019125,B,ok,B,1
2015-10-0190,2015-10-0183,A,BA,2015-10-0183,0.00019,A,ok,A,1
2016-11-0111,2016-11-0184,A,AB,2016-11-0111,0.00017375,B,ok,B,1
2016-11-0111,2016-11-0184,A,BA,2016-11-0184,0.00017375,B,ok,B,1
2017-02-0010,2017-02-0045,B,AB,2017-02-0010,0.0001625,B,ok,B,1
2017-02-0010,2017-02-0045,B,BA,2017-02-0045,0.0008762500000000001,B,ok,B,2
2018-12-0208,2018-12-0138,A,AB,2018-12-0208,0.0001675,B,ok,B,1
2018-12-0208,2018-12-0138,A,BA,2018-12-0138,0.0001675,B,ok,B,1
2019-11-0517,2019-11-0438,B,AB,2019-11-0517,0.00077875,B,ok,B,2
2019-11-0517,2019-11-0438,B,BA,2019-11-0438,0.0001875,B,ok,B,1
2020-07-0554,2020-07-0627,B,AB,2020-07-0554,0.00019875,B,ok,B,1
2020-07-0554,2020-07-0627,B,BA,2020-07-0627,0.0001975,A,ok,A,1
2021-11-0353,2021-11-0335,B,AB,2021-11-0353,0.00017625,A,ok,A,1
2021-11-0353,2021-11-0335,B,BA,2021-11-0335,0.000175,B,ok,B,1
2022-05-0017,2022-05-0049,B,AB,2022-05-0017,0.00087125,B,ok,B,2
2022-05-0017,2022-05-0049,B,BA,2022-05-0049,0.00019375,B,ok,B,1
2023-01-0403,2023-01-0382,A,AB,2023-01-0403,0.00017875,B,ok,B,1
2023-01-0403,2023-01-0382,A,BA,2023-01-0382,0.00017875,B,ok,B,1
2024-08-0153,2024-08-0140,A,AB,2024-08-0153,0.0001775,A,ok,A,1
2024-08-0153,2024-08-0140,A,BA,2024-08-0140,0.00017875,B,ok,B,1
2025-01-0059,2025-01-0095,B,AB,2025-01-0059,0.00076125,B,ok,B,2
2025-01-0059,2025-01-0095,B,BA,2025-01-0095,0.0007025,B,ok,B,2
2013-10-0058,2013-10-0051,B,AB,2013-10-0058,0.00019875,B,ok,B,1
2013-10-0058,2013-10-0051,B,BA,2013-10-0051,0.0002,B,ok,B,1
2014-02-0127,2014-02-0125,A,AB,2014-02-0127,0.0001775,B,ok,B,1
2014-02-0127,2014-02-0125,A,BA,2014-02-0125,0.00017875,B,ok,B,1
2015-08-0400,2015-08-0405,B,AB,2015-08-0400,0.00018875,B,ok,B,1
2015-08-0400,2015-08-0405,B,BA,2015-08-0405,0.0001875,B,ok,B,1
2016-08-0072,2016-08-0055,B,AB,2016-08-0072,0.00019,B,ok,B,1
2016-08-0072,2016-08-0055,B,BA,2016-08-0055,0.00019,A,ok,A,1
2017-05-0046,2017-05-0043,B,AB,2017-05-0046,0.0001875,B,ok,B,1
2017-05-0046,2017-05-0043,B,BA,2017-05-0043,0.0001875,A,ok,A,1
2018-08-0459,2018-08-0535,B,AB,2018-08-0459,0.00016625,B,ok,B,1
2018-08-0459,2018-08-0535,B,BA,2018-08-0535,0.00016625,A,ok,A,1
2019-05-0599,2019-05-0522,B,AB,2019-05-0599,0.00018625,B,ok,B,1
2019-05-0599,2019-05-0522,B,BA,2019-05-0522,0.000185,A,ok,A,1
2020-02-0258,2020-02-0278,B,AB,2020-02-0258,0.00022,B,ok,B,1
2020-02-0258,2020-02-0278,B,BA,2020-02-0278,0.00022,A,ok,A,1
2021-08-0001,2021-08-0003,A,AB,2021-08-0001,0.00020625,B,ok,B,1
2021-08-0001,2021-08-0003,A,BA,2021-08-0003,0.0008375,B,ok,B,2
2022-02-0030,2022-01-0489,B,AB,2022-02-0030,0.0002,B,ok,B,1
2022-02-0030,2022-01-0489,B,BA,2022-01-0489,0.000765,B,ok,B,2
2023-07-0006,2023-06-0182,B,AB,2023-07-0006,0.00021125,A,ok,A,1
2023-07-0006,2023-06-0182,B,BA,2023-06-0182,0.00021,B,ok,B,1
2024-03-0173,2024-03-0169,B,AB,2024-03-0173,0.00017125,B,ok,B,1
2024-03-0173,2024-03-0169,B,BA,2024-03-0169,0.00077375,A,ok,A,2
2025-01-0024,2025-01-0012,A,AB,2025-01-0024,0.0001875,B,ok,B,1
2025-01-0024,2025-01-0012,A,BA,2025-01-0012,0.0001875,B,ok,B,1
2013-10-0060,2013-10-0067,B,AB,2013-10-0060,0.0001725,B,ok,B,1
2013-10-0060,2013-10-0067,B,BA,2013-10-0067,0.00017375,B,ok,B,1
2014-05-0028,2014-05-0046,B,AB,2014-05-0028,0.0001775,B,ok,B,1
2014-05-0028,2014-05-0046,B,BA,2014-05-0046,0.0001775,B,ok,B,1
2015-01-0262,2015-01-0252,A,AB,2015-01-0262,0.00017875,B,ok,B,1
2015-01-0262,2015-01-0252,A,BA,2015-01-0252,0.00017875,B,ok,B,1
2016-10-0288,2016-10-0225,A,AB,2016-10-0288,0.0001825,A,ok,A,1
2016-10-0288,2016-10-0225,A,BA,2016-10-0225,0.0001825,B,ok,B,1
2017-09-0052,2017-09-0039,A,AB,2017-09-0052,0.00074125,A,ok,A,2
2017-09-0052,2017-09-0039,A,BA,2017-09-0039,0.0008025,B,ok,B,2
2018-02-0118,2018-02-0107,B,AB,2018-02-0118,0.00018,B,ok,B,1
2018-02-0118,2018-02-0107,B,BA,2018-02-0107,0.00018125,A,ok,A,1
2019-12-0533,2019-12-0565,A,AB,2019-12-0533,0.00019125,A,ok,A,1
2019-12-0533,2019-12-0565,A,BA,2019-12-0565,0.0001925,B,ok,B,1
2020-04-1122,2020-04-1131,A,AB,2020-04-1122,0.0001875,B,ok,B,1
2020-04-1122,2020-04-1131,A,BA,2020-04-1131,0.0001875,B,ok,B,1
2021-04-0356,2021-04-0317,A,AB,2021-04-0356,0.00018,B,ok,B,1
2021-04-0356,2021-04-0317,A,BA,2021-04-0317,0.00018,A,ok,A,1
2022-05-0081,2022-05-0013,B,AB,2022-05-0081,0.000235,B,ok,B,1
2022-05-0081,2022-05-0013,B,BA,2022-05-0013,0.000235,B,ok,B,1
2023-03-0071,2023-03-0039,B,AB,2023-03-0071,0.000195,B,ok,B,1
2023-03-0071,2023-03-0039,B,BA,2023-03-0039,0.00019375,B,ok,B,1
2024-05-0053,2024-05-0049,A,AB,2024-05-0053,0.0008737500000000001,A,ok,A,2
2024-05-0053,2024-05-0049,A,BA,2024-05-0049,0.00073375,B,ok,B,2
2025-01-0083,2025-01-0103,B,AB,2025-01-0083,0.00017875,B,ok,B,1
2025-01-0083,2025-01-0103,B,BA,2025-01-0103,0.0011425,B,ok,B,2
2013-11-0048,2013-11-0017,B,AB,2013-11-0048,0.00022375,B,ok,B,1
2013-11-0048,2013-11-0017,B,BA,2013-11-0017,0.00022375,A,ok,A,1
2014-02-0149,2014-02-0158,A,AB,2014-02-0149,0.00018375,B,ok,B,1
2014-02-0149,2014-02-0158,A,BA,2014-02-0158,0.0001825,A,ok,A,1
2015-10-0414,2015-10-0386,B,AB,2015-10-0414,0.000175,B,ok,B,1
2015-10-0414,2015-10-0386,B,BA,2015-10-0386,0.00017375,B,ok,B,1
2016-03-0168,2016-03-0170,A,AB,2016-03-0168,0.00019375,B,ok,B,1
2016-03-0168,2016-03-0170,A,BA,2016-03-0170,0.00019375,A,ok,A,1
2017-02-0400,2017-02-0428,B,AB,2017-02-0400,0.000185,B,ok,B,1
2017-02-0400,2017-02-0428,B,BA,2017-02-0428,0.000185,B,ok,B,1
2018-12-0183,2018-12-0151,A,AB,2018-12-0183,0.000195,A,ok,A,1
2018-12-0183,2018-12-0151,A,BA,2018-12-0151,0.00019375,A,ok,A,1
2019-02-0257,2019-02-0266,A,AB,2019-02-0257,0.000175,B,ok,B,1
2019-02-0257,2019-02-0266,A,BA,2019-02-0266,0.000175,A,ok,A,1
2020-08-0276,2020-08-0189,A,AB,2020-08-0276,0.00020125,A,ok,A,1
2020-08-0276,2020-08-0189,A,BA,2020-08-0189,0.0002025,B,ok,B,1
2021-05-0383,2021-05-0401,B,AB,2021-05-0383,0.0001975,B,ok,B,1
2021-05-0383,2021-05-0401,B,BA,2021-05-0401,0.00019875,A,ok,A,1
2022-02-0198,2022-02-0171,B,AB,2022-02-0198,0.00019375,B,ok,B,1
2022-02-0198,2022-02-0171,B,BA,2022-02-0171,0.00019375,B,ok,B,1
2023-11-0239,2023-11-0246,A,AB,2023-11-0239,0.00077375,A,ok,A,2
2023-11-0239,2023-11-0246,A,BA,2023-11-0246,0.000175,B,ok,B,1
2024-03-0191,2024-03-0183,A,AB,2024-03-0191,0.00087875,B,ok,B,2
2024-03-0191,2024-03-0183,A,BA,2024-03-0183,0.0001825,B,ok,B,1
2025-01-0161,2025-01-0205,B,AB,2025-01-0161,0.00017625,A,ok,A,1
2025-01-0161,2025-01-0205,B,BA,2025-01-0205,0.0001775,B,ok,B,1
2013-07-0051,2013-07-0045,A,AB,2013-07-0051,0.00018,A,ok,A,1
2013-07-0051,2013-07-0045,A,BA,2013-07-0045,0.00018,B,ok,B,1
2014-06-0201,2014-06-0176,A,AB,2014-06-0201,0.00017875,B,ok,B,1
2014-06-0201,2014-06-0176,A,BA,2014-06-0176,0.00017875,B,ok,B,1
2015-07-0416,2015-07-0422,B,AB,2015-07-0416,0.000175,A,ok,A,1
2015-07-0416,2015-07-0422,B,BA,2015-07-0422,0.000175,B,ok,B,1
2016-01-0146,2016-01-0032,A,AB,2016-01-0146,0.00018125,A,ok,A,1
2016-01-0146,2016-01-0032,A,BA,2016-01-0032,0.000735,B,ok,B,2
2017-09-0150,2017-09-0089,A,AB,2017-09-0150,0.00018,B,ok,B,1
2017-09-0150,2017-09-0089,A,BA,2017-09-0089,0.00018,A,ok,A,1
2018-08-0114,2018-08-0103,A,AB,2018-08-0114,0.00017125,B,ok,B,1
2018-08-0114,2018-08-0103,A,BA,2018-08-0103,0.00017125,B,ok,B,1
2019-08-0056,2019-07-0472,A,AB,2019-08-0056,0.00017375,B,ok,B,1
2019-08-0056,2019-07-0472,A,BA,2019-07-0472,0.00017375,B,ok,B,1
2020-10-0178,2020-10-0130,A,AB,2020-10-0178,0.00018,A,ok,A,1
2020-10-0178,2020-10-0130,A,BA,2020-10-0130,0.00018,B,ok,B,1
2021-01-0120,2020-12-0661,A,AB,2021-01-0120,0.0002275,B,ok,B,1
2021-01-0120,2020-12-0661,A,BA,2020-12-0661,0.00022625,B,ok,B,1
2022-03-0181,2022-03-0087,B,AB,2022-03-0181,0.00018625,B,ok,B,1
2022-03-0181,2022-03-0087,B,BA,2022-03-0087,0.00018625,B,ok,B,1
2023-01-0124,2023-01-0011,A,AB,2023-01-0124,0.0001975,B,ok,B,1
2023-01-0124,2023-01-0011,A,BA,2023-01-0011,0.00019625,A,ok,A,1
2024-12-0087,2024-12-0093,B,AB,2024-12-0087,0.0001775,B,ok,B,1
2024-12-0087,2024-12-0093,B,BA,2024-12-0093,0.00017625,B,ok,B,1
2025-01-0229,2025-01-0239,A,AB,2025-01-0229,0.0008425,B,ok,B,2
2025-01-0229,2025-01-0239,A,BA,2025-01-0239,0.00079125,A,ok,A,2
2013-12-0161,2013-12-0158,A,AB,2013-12-0161,0.00017625,B,ok,B,1
2013-12-0161,2013-12-0158,A,BA,2013-12-0158,0.000175,B,ok,B,1
2014-11-0203,2014-11-0239,A,AB,2014-11-0203,0.00018625,B,ok,B,1
2014-11-0203,2014-11-0239,A,BA,2014-11-0239,0.001215,A,ok,A,2
2015-07-0168,2015-07-0063,B,AB,2015-07-0168,0.0007375000000000001,B,ok,B,2
2015-07-0168,2015-07-0063,B,BA,2015-07-0063,0.0008262499999999999,B,ok,B,2
2016-03-0140,2016-03-0200,B,AB,2016-03-0140,0.00021,A,ok,A,1
2016-03-0140,2016-03-0200,B,BA,2016-03-0200,0.00021,B,ok,B,1
2017-08-0406,2017-08-0361,A,AB,2017-08-0406,0.0001875,A,ok,A,1
2017-08-0406,2017-08-0361,A,BA,2017-08-0361,0.0001875,B,ok,B,1
2018-01-0611,2018-01-0614,B,AB,2018-01-0611,0.00019,B,ok,B,1
2018-01-0611,2018-01-0614,B,BA,2018-01-0614,0.00019,B,ok,B,1
2019-03-0330,2019-03-0191,B,AB,2019-03-0330,0.0001775,B,ok,B,1
2019-03-0330,2019-03-0191,B,BA,2019-03-0191,0.0001775,A,ok,A,1
2020-06-0036,2020-06-0077,A,AB,2020-06-0036,0.0007425,A,ok,A,2
2020-06-0036,2020-06-0077,A,BA,2020-06-0077,0.00019375,B,ok,B,1
2021-12-0308,2021-12-0262,B,AB,2021-12-0308,0.00017875,A,ok,A,1
2021-12-0308,2021-12-0262,B,BA,2021-12-0262,0.00017875,B,ok,B,1
2022-09-0260,2022-09-0338,A,AB,2022-09-0260,0.000195,B,ok,B,1
2022-09-0260,2022-09-0338,A,BA,2022-09-0338,0.000195,B,ok,B,1
2023-01-0351,2023-01-0321,A,AB,2023-01-0351,0.0001825,B,ok,B,1
2023-01-0351,2023-01-0321,A,BA,2023-01-0321,0.00101875,A,ok,A,2
2024-09-0171,2024-09-0144,B,AB,2024-09-0171,0.00017125,B,ok,B,1
2024-09-0171,2024-09-0144,B,BA,2024-09-0144,0.00017,B,ok,B,1
2025-01-0146,2025-01-0147,B,AB,2025-01-0146,0.00017,B,ok,B,1
2025-01-0146,2025-01-0147,B,BA,2025-01-0147,0.00017125,B,ok,B,1
2013-06-0062,2013-06-0079,B,AB,2013-06-0062,0.0001875,B,ok,B,1
2013-06-0062,2013-06-0079,B,BA,2013-06-0079,0.0001875,B,ok,B,1
2014-12-0209,2014-12-0252,A,AB,2014-12-0209,0.00018375,B,ok,B,1
2014-12-0209,2014-12-0252,A,BA,2014-12-0252,0.0001825,B,ok,B,1
2015-05-0346,2015-05-0321,A,AB,2015-05-0346,0.000165,B,ok,B,1
2015-05-0346,2015-05-0321,A,BA,2015-05-0321,0.00078125,A,ok,A,2
2016-07-0119,2016-07-0039,B,AB,2016-07-0119,0.0001775,B,ok,B,1
2016-07-0119,2016-07-0039,B,BA,2016-07-0039,0.0001775,B,ok,B,1
2017-12-0338,2017-12-0255,B,AB,2017-12-0338,0.0008775,A,ok,A,2
2017-12-0338,2017-12-0255,B,BA,2017-12-0255,0.0001975,B,ok,B,1
2018-06-0499,2018-06-0608,A,AB,2018-06-0499,0.00017875,B,ok,B,1
2018-06-0499,2018-06-0608,A,BA,2018-06-0608,0.00072,A,ok,A,2
2019-01-0275,2019-01-0251,A,AB,2019-01-0275,0.00019375,B,ok,B,1
2019-01-0275,2019-01-0251,A,BA,2019-01-0251,0.00019375,B,ok,B,1
2020-04-1119,2020-04-1106,A,AB,2020-04-1119,0.00016875,B,ok,B,1
2020-04-1119,2020-04-1106,A,BA,2020-04-1106,0.00017,B,ok,B,1
2021-02-0154,2021-02-0172,B,AB,2021-02-0154,0.000205,B,ok,B,1
2021-02-0154,2021-02-0172,B,BA,2021-02-0172,0.000205,A,ok,A,1
2022-11-0234,2022-11-0294,B,AB,2022-11-0234,0.00018625,A,ok,A,1
2022-11-0234,2022-11-0294,B,BA,2022-11-0294,0.00018625,B,ok,B,1
2023-02-0005,2023-01-0416,B,AB,2023-02-0005,0.00018875,B,ok,B,1
2023-02-0005,2023-01-0416,B,BA,2023-01-0416,0.0007925,A,ok,A,2
2024-05-0259,2024-05-0247,B,AB,2024-05-0259,0.00017,B,ok,B,1
2024-05-0259,2024-05-0247,B,BA,2024-05-0247,0.00017,B,ok,B,1
2025-01-0241,2025-01-0247,B,AB,2025-01-0241,0.000185,B,ok,B,1
2025-01-0241,2025-01-0247,B,BA,2025-01-0247,0.00018625,B,ok,B,1
2013-09-0088,2013-09-0115,A,AB,2013-09-0088,0.0001975,B,ok,B,1
2013-09-0088,2013-09-0115,A,BA,2013-09-0115,0.00019875,B,ok,B,1
2014-06-0141,2014-06-0075,A,AB,2014-06-0141,0.00017625,B,ok,B,1
2014-06-0141,2014-06-0075,A,BA,2014-06-0075,0.0001775,B,ok,B,1
2015-05-0261,2015-05-0341,B,AB,2015-05-0261,0.00021375,B,ok,B,1
2015-05-0261,2015-05-0341,B,BA,2015-05-0341,0.0002125,B,ok,B,1
2016-04-0170,2016-04-0124,A,AB,2016-04-0170,0.0001825,B,ok,B,1
2016-04-0170,2016-04-0124,A,BA,2016-04-0124,0.00018125,A,ok,A,1
2017-11-0372,2017-11-0432,A,AB,2017-11-0372,0.00017875,B,ok,B,1
2017-11-0372,2017-11-0432,A,BA,2017-11-0432,0.00017875,B,ok,B,1
2018-06-0262,2018-06-0281,A,AB,2018-06-0262,0.00018125,B,ok,B,1
2018-06-0262,2018-06-0281,A,BA,2018-06-0281,0.00018125,B,ok,B,1
