a_id,b_id,winner,baseline_logit
2012-07-0010,2012-07-0006,A,-0.5394955286708794
2013-03-0124,2013-03-0140,A,0.6670537709638408
2014-05-0164,2014-05-0190,A,-13.868188028337865
2015-04-0315,2015-04-0226,B,4.111415180230134
2016-10-0203,2016-10-0119,A,-11.506821238421843
2017-07-0344,2017-07-0377,B,6.769230771363493
2018-03-0347,2018-03-0410,A,4.705859300430696
2019-10-0292,2019-10-0329,B,-14.179733197494276
2020-11-0683,2020-11-0563,A,12.474164310187161
2021-02-0465,2021-02-0431,A,-0.45666839231915535
2022-06-0164,2022-06-0180,A,17.022097213629365
2023-03-0015,2023-03-0032,B,7.035242436731017
2024-06-0142,2024-06-0156,A,-8.970537146054424
2025-01-0185,2025-01-0193,A,9.780190465602434
2012-05-0008,2012-05-0015,B,-22.640469783145928
2013-03-0036,2013-03-0016,A,6.550453200998952
2014-12-0282,2014-12-0284,B,7.325243403032008
2015-04-0009,2015-03-0370,A,3.820476059545883
2016-11-0124,2016-11-0145,A,-9.250731429919103
2017-12-0574,2017-12-0527,A,7.4127937376891495
2018-05-0241,2018-05-0289,A,8.499147681092275
2019-10-0521,2019-10-0477,A,18.126152804355037
2020-05-0248,2020-05-0146,A,-12.947971758941804
2021-02-0032,2021-02-0029,A,7.312993864568707
2022-09-0316,2022-09-0271,A,-13.820798341440701
2023-11-0137,2023-11-0126,B,2.3373177170885295
2024-02-0282,2024-02-0295,A,5.1231267309629756
2025-01-0178,2025-01-0195,A,-15.867453417985946
2012-06-0010,2012-06-0008,B,28.949448287121424
2013-10-0147,2013-10-0171,A,11.701469561183334
2014-01-0006,2014-01-0030,B,4.4972664054172675
2015-12-0153,2015-12-0154,B,-10.762220459292202
2016-12-0395,2016-12-0411,B,4.446506562606306
2017-12-0159,2017-12-0082,B,21.8083624591695
2018-03-0189,2018-03-0079,B,11.91650887520904
2019-11-0182,2019-11-0174,A,21.361350734993163
2020-08-0555,2020-08-0515,B,5.22894654848914
2021-02-0222,2021-02-0211,A,-0.4854868744299381
2022-08-0209,2022-08-0230,B,8.332939785928666
2023-04-0299,2023-04-0282,A,-6.312249584432072
2024-05-0159,2024-05-0122,B,10.932304420914829
2025-01-0123,2025-01-0137,B,-18.184689614561925
2012-05-0026,2012-05-0019,A,-0.7869791715931715
2013-10-0116,2013-10-0120,A,11.685948387598227
2014-03-0018,2014-03-0023,A,5.570532981608119
2015-06-0380,2015-06-0367,B,-16.835553785764883
2016-01-0446,2016-01-0483,B,7.565986828234051
2017-08-0148,2017-08-0212,A,-8.889761131303613
2018-06-0166,2018-06-0176,A,-4.418980262667613
2019-10-0528,2019-10-0457,B,10.758642915166112
2020-12-0396,2020-12-0408,B,1.0871433869332003
2021-05-0313,2021-05-0296,B,-8.933908646551922
2022-06-0031,2022-05-0439,A,19.96325695289094
2023-01-0082,2023-01-0092,B,4.256939889542251
2024-11-0086,2024-11-0067,A,-3.520565823053795
2025-01-0238,2025-01-0248,B,-7.441535915697389
2012-12-0059,2012-12-0062,B,-0.6982774633697328
2013-04-0098,2013-04-0118,B,44.48120174030224
2014-06-0128,2014-06-0094,B,-5.298085987299666
2015-02-0013,2015-02-0045,B,0.5447279649303978
2016-03-0251,2016-03-0291,A,11.900559684227318
2017-07-0209,2017-07-0247,A,-13.853451551102749
2018-07-0535,2018-07-0518,B,5.284111845207976
2019-10-0419,2019-10-0379,A,8.930555347878856
2020-04-0281,2020-04-0569,B,3.0316202091181843
2021-02-0447,2021-02-0491,A,15.481223265775578
2022-07-0339,2022-07-0394,B,-10.212427804428819
2023-05-0078,2023-05-0086,A,5.323879047169756
2024-01-0256,2024-01-0272,A,-9.608706535797738
2025-01-0119,2025-01-0144,A,8.333116392678525
2013-02-0066,2013-02-0040,B,15.1007733032728
2014-01-0018,2014-01-0000,B,11.726678757288964
2015-10-0197,2015-10-0296,B,8.499773643893436
2016-04-0043,2016-04-0100,B,1.5529020871490702
2017-06-0205,2017-06-0240,B,-21.831944719947973
2018-04-0027,2018-04-0114,A,-0.10485843503433484
2019-10-0034,2019-10-0101,A,13.722858953644847
2020-11-0229,2020-11-0282,B,-14.364435672318839
2021-02-0468,2021-02-0382,A,21.089848006826156
2022-09-0250,2022-09-0209,A,8.670842533396549
2023-03-0054,2023-03-0021,A,0.21117001355539933
2024-07-0087,2024-07-0074,A,20.732960911674155
2025-01-0150,2025-01-0145,B,-10.998548518989704
2013-02-0077,2013-02-0071,B,-14.344606914202172
2014-03-0070,2014-03-0097,A,1.0703152187661824
2015-07-0017,2015-07-0050,B,8.403874292546991
2016-11-0402,2016-11-0422,B,-6.499602481479523
2017-12-0097,2017-12-0175,B,-0.039052822549963506
2018-03-0375,2018-03-0341,A,-8.930615492988295
2019-11-0257,2019-11-0247,A,21.100130809145888
2020-03-0012,2020-02-0646,A,-5.217243109226582
2021-08-0282,2021-08-0267,A,-10.600683401708478
2022-12-0229,2022-12-0244,A,-6.513313180249167
2023-11-0237,2023-11-0230,B,-2.7120479708390866
2024-05-0068,2024-05-0103,A,2.161502687372875
2025-01-0142,2025-01-0111,B,-4.239980612013111
2013-07-0017,2013-07-0040,A,6.42883047658893
2014-07-0177,2014-07-0206,A,-22.20698893185104
2015-07-0149,2015-07-0100,A,-7.805535522626571
2016-03-0281,2016-03-0227,B,-4.916052114595648
2017-03-0496,2017-03-0441,A,-12.468183292816267
2018-04-0346,2018-04-0375,A,5.1097698157412434
2019-08-0191,2019-08-0283,B,-3.3066576560857683
2020-03-0829,2020-03-0826,A,-0.6074082888754089
2021-09-0265,2021-09-0231,B,4.854703467942542
2022-09-0093,2022-09-0076,B,0.17617391130641788
2023-03-0050,2023-03-0019,B,11.667459365293743
2024-03-0247,2024-03-0205,A,-9.654838072447447
2025-01-0002,2024-12-0236,A,-1.7664609546046917
2013-04-0121,2013-05-0013,A,-13.038629677820262
2014-06-0235,2014-06-0242,A,-11.31358234427381
2015-05-0060,2015-05-0087,B,3.2736099220634514
2016-12-0120,2016-12-0059,B,-12.424568813965687
2017-08-0343,2017-08-0380,A,3.8125689191191174
2018-05-0183,2018-05-0175,A,11.735056942249795
2019-11-0489,2019-12-0001,B,-7.1152627108560385
2020-12-0081,2020-12-0121,A,-29.991820883760518
2021-05-0217,2021-05-0186,A,0.8069538180576856
2022-05-0234,2022-05-0220,A,24.2816196917999
2023-01-0097,2023-01-0099,B,7.2802484473986455
2024-01-0227,2024-01-0242,A,-6.083874162758964
2024-12-0254,2025-01-0014,B,8.759866166968022
2013-12-0078,2013-12-0082,B,2.625897835722331
2014-10-0144,2014-10-0155,A,9.144356085640442
2015-01-0150,2015-01-0156,A,4.457587207371981
2016-10-0285,2016-10-0256,A,-18.270041959673975
2017-06-0235,2017-06-0248,B,8.952211185894035
2018-03-0451,2018-03-0502,B,-13.209869234615205
2019-11-0287,2019-11-0194,B,5.322386202258192
2020-05-0903,2020-05-0956,A,11.696770012143505
2021-02-0246,2021-02-0194,B,-11.548251796362
2022-04-0271,2022-04-0234,B,2.463733074173955
2023-12-0145,2023-12-0139,A,-0.24092515491697358
2024-02-0240,2024-02-0229,A,-4.288091094456678
2013-07-0108,2013-07-0094,B,4.780991792385654
2014-03-0123,2014-03-0138,A,-11.394791707739937
2015-09-0431,2015-09-0450,A,-15.351305362717698
2016-07-0298,2016-07-0309,A,-29.949485143288282
2017-09-0058,2017-09-0178,B,-11.187318321916567
2018-06-0319,2018-06-0353,B,-10.724074672668259
2019-01-0182,2019-01-0255,A,2.6776350555981323
2020-12-0603,2020-12-0624,A,10.15042751817844
2021-10-0144,2021-10-0168,A,-9.785748383869583
2022-01-0381,2022-01-0317,A,-18.837588979588357
2023-01-0285,2023-01-0294,B,-11.381925803824776
2024-09-0094,2024-09-0108,A,1.7276074090322169
2013-12-0139,2013-12-0143,B,-13.659471794334081
2014-11-0174,2014-11-0160,A,6.87484557311009
2015-02-0314,2015-02-0287,A,-6.552493383429724
2016-09-0323,2016-09-0276,B,-3.6806155305943182
2017-04-0103,2017-04-0117,B,-8.853896097386212
2018-05-0174,2018-05-0131,B,0.3689157834788901
2019-11-0022,2019-11-0036,A,0.34519633063230837
2020-11-0087,2020-11-0093,B,18.389782434503683
2021-09-0143,2021-09-0162,A,-4.529817870695175
2022-03-0442,2022-04-0013,A,-5.170056991432228
2023-03-0319,2023-03-0307,B,-6.79348210765543
2024-02-0251,2024-02-0203,A,-5.603366730848549
2013-03-0049,2013-03-0051,A,19.416691837817133
2014-12-0165,2014-12-0164,B,-11.728503870158207
2015-01-0059,2015-01-0110,A,-3.111975762767102
2016-12-0272,2016-12-0281,A,-10.494808118672278
2017-09-0443,2017-09-0414,B,-8.738123119741811
2018-01-0085,2018-01-0118,A,-4.949189458328299
2019-05-0416,2019-05-0370,B,-7.040062386530335
2020-05-0654,2020-05-0723,A,3.9532847413613497
2021-02-0305,2021-02-0343,A,-4.1940836097513285
2022-02-0330,2022-02-0337,A,0.8857193691584276
2023-03-0382,2023-03-0400,A,2.343715344478942
2024-02-0000,2024-02-0020,B,-11.241243549400146
2013-12-0003,2013-12-0052,B,-6.631283186963767
2014-02-0044,2014-02-0011,B,1.3420758314207264
2015-01-0221,2015-01-0236,A,18.833371094477407
2016-07-0253,2016-07-0273,A,-12.121680668976772
2017-12-0201,2017-12-0218,A,-8.419198627940355
2018-01-0222,2018-01-0226,A,9.426009046184083
2019-08-0407,2019-08-0383,A,-4.7787139725925964
2020-09-0053,2020-09-0099,A,1.7567339524282453
2021-02-0380,2021-02-0292,A,24.687229360473722
2022-08-0272,2022-08-0181,A,10.15111536727268
2023-11-0080,2023-11-0088,A,-5.446988083326879
2024-01-0239,2024-01-0263,A,3.0161139795668186
2013-02-0016,2013-02-0020,B,26.858901640757274
2014-06-0140,2014-06-0091,B,0.0573571193649669
2015-07-0005,2015-06-0399,A,6.321178173855677
2016-09-0335,2016-09-0337,A,0.6583256260992743
2017-07-0253,2017-07-0276,B,17.13319724970523
2018-10-0047,2018-10-0028,A,-11.730847885553588
2019-08-0058,2019-08-0073,A,3.734093408521903
2020-04-0238,2020-04-0352,A,-3.041154367687584
2021-04-0003,2021-04-0001,B,-15.005946043584563
2022-02-0041,2022-02-0072,A,-7.934135482107675
2023-01-0398,2023-01-0326,B,7.069335459611543
2024-10-0096,2024-10-0047,A,11.68549171571965
2013-11-0139,2013-11-0134,A,-18.575799490963014
2014-05-0200,2014-05-0196,B,9.448959243851148
2015-03-0327,2015-03-0284,A,1.7128526828288226
2016-10-0253,2016-10-0297,B,-4.303696552143722
2017-11-0356,2017-11-0437,A,11.69654534109442
2018-12-0014,2018-11-0445,A,-3.755837290163033
2019-12-0488,2019-12-0531,A,2.8993533489539804
2020-11-0025,2020-11-0104,B,3.0174626583562603
2021-12-0103,2021-12-0058,A,9.527358271214446
2022-02-0172,2022-02-0187,B,8.835811991829004
2023-07-0086,2023-07-0087,B,-5.968100527190813
2024-12-0072,2024-12-0098,B,-6.4320399233952115
2014-10-0046,2014-09-0249,A,-5.0617804820723995
2015-10-0215,2015-10-0307,A,-13.044168496779225
2016-07-0026,2016-06-0446,A,-5.553446200149278
2017-08-0257,2017-08-0294,A,4.178753980298612
2018-05-0317,2018-05-0265,B,-5.1039692994176
2019-08-0213,2019-08-0301,B,12.966985732990755
2020-09-0510,2020-09-0468,B,-20.40342756282626
2021-03-0067,2021-03-0103,B,18.37215322304881
2022-04-0069,2022-04-0113,A,14.533032677673596
2023-02-0391,2023-03-0020,A,5.486428514883162
2024-12-0027,2024-12-0007,B,6.95792761015989
2014-05-0241,2014-05-0237,A,11.404323590644934
2015-11-0033,2015-11-0088,A,17.36478448722179
2016-11-0258,2016-11-0289,B,3.3688945510840838
2017-08-0019,2017-08-0094,B,5.490075831118602
2018-11-0062,2018-11-0004,B,13.674836751669012
2019-03-0322,2019-03-0256,A,20.667581902629376
2020-06-0778,2020-07-0093,A,-0.8923733210377164
2021-06-0064,2021-06-0093,A,-7.297776348198951
2022-04-0091,2022-04-0081,A,-4.057883041652538
2023-06-0131,2023-06-0107,A,15.437794832380488
2024-02-0283,2024-03-0003,A,-16.475956868966065
2014-02-0006,2014-01-0201,B,-7.019109271348061
2015-12-0173,2015-12-0199,A,20.223990318386203
2016-04-0303,2016-04-0298,B,-3.2778183410687642
2017-12-0594,2017-12-0519,A,-16.47155641998529
2018-01-0158,2018-01-0144,A,-31.834259187079176
2019-07-0250,2019-07-0219,B,-9.657760040686279
2020-04-0518,2020-04-0333,A,-4.239539919565466
2021-04-0244,2021-04-0229,B,14.312499490801788
2022-10-0360,2022-10-0351,A,-3.1640550389838373
2023-02-0012,2023-02-0028,A,13.189765588884594
2024-04-0173,2024-04-0208,B,-8.478003861464314
2014-02-0065,2014-02-0085,A,-3.9503406446604137
2015-07-0083,2015-07-0094,A,0.3970588347834958
2016-06-0044,2016-05-0406,A,4.241985738207086
2017-08-0545,2017-09-0037,B,-19.912175256286158
2018-04-0120,2018-04-0118,B,-1.1173055734388635
2019-11-0168,2019-11-0065,B,4.367315794503358
2020-06-0592,2020-06-0593,B,2.9807508942452525
2021-07-0364,2021-07-0340,A,17.996324807093103
2022-12-0209,2022-12-0188,B,4.697551596810364
2023-02-0166,2023-02-0131,A,-11.041017175522693
2024-02-0092,2024-02-0091,A,-19.468356407659858
2014-08-0263,2014-08-0251,B,1.2217449118949846
2016-12-0344,2016-12-0362,A,-6.849725882699407
2017-05-0469,2017-06-0012,B,-1.2933000665967764
2018-11-0309,2018-11-0361,A,-20.63590642688803
2019-11-0324,2019-11-0353,B,2.283317782264218
2020-05-0031,2020-05-0023,B,-8.579873910568294
2021-11-0280,2021-11-0194,B,16.2014357217812
2022-07-0057,2022-07-0113,B,1.7057059809504547
2023-03-0077,2023-03-0160,A,21.92766236636455
2024-03-0223,2024-03-0204,B,-11.081412774622336
2014-02-0090,2014-02-0109,A,-3.6905860889567164
2016-01-0171,2016-01-0236,B,10.867824899590785
2017-11-0419,2017-11-0383,B,2.4605426909186305
2018-09-0126,2018-09-0101,B,-1.7217050883097607
2019-04-0007,2019-04-0079,A,-22.308855910738014
2020-09-0060,2020-09-0091,B,-4.591612574326592
2021-03-0033,2021-03-0092,A,7.982357611615082
2022-12-0336,2022-12-0312,A,11.557740733912512
2023-01-0306,2023-01-0246,A,14.478539750179847
2024-01-0184,2024-01-0196,A,15.062494115603497
2014-06-0161,2014-06-0143,A,-24.457294123616666
2016-06-0368,2016-06-0373,A,4.804269346179284
2017-01-0381,2017-01-0440,B,28.547757040370634
2018-03-0273,2018-03-0296,B,30.85351661358512
2019-11-0456,2019-11-0546,B,-20.36832614024353
2020-05-0199,2020-05-0215,A,-5.597824239022563
2021-04-0196,2021-04-0133,A,5.904908194622009
2022-01-0091,2022-01-0130,B,11.687889047198274
2023-01-0271,2023-01-0316,B,16.60994221733771
2024-11-0157,2024-11-0158,A,-4.981080131036451
2014-06-0107,2014-06-0081,B,-20.548624954047195
2016-06-0243,2016-06-0249,B,2.220388310678014
2017-03-0223,2017-03-0230,B,0.9205686625457763
2018-06-0350,2018-06-0357,B,-23.568986369937857
2019-09-0212,2019-09-0256,B,-16.688997144942697
2020-08-0436,2020-08-0467,B,16.98669120774851
2021-07-0294,2021-07-0302,B,6.435677816005375
2022-10-0040,2022-10-0073,A,-1.8684238773152382
2023-06-0025,2023-06-0051,B,5.289342422759116
2024-11-0074,2024-11-0057,B,7.6116566455799415
2014-04-0093,2014-04-0130,A,10.956779139789004
2016-10-0332,2016-10-0382,B,-19.16629720913821
2017-07-0131,2017-07-0119,B,9.902706138446748
2018-06-0165,2018-06-0104,A,-0.426818021575384
2019-11-0382,2019-11-0357,A,-1.7720908529578998
2020-11-0546,2020-11-0552,A,-21.650905304431205
2021-10-0346,2021-10-0307,B,-5.844207560059968
2022-12-0218,2022-12-0257,B,-8.34230076148545
2023-02-0260,2023-02-0191,A,18.528781673893537
2024-08-0275,2024-08-0259,A,4.5818953738037465
2014-07-0077,2014-07-0050,B,19.006070687811327
2016-01-0127,2016-01-0049,A,-6.948770241883862
2017-10-0289,2017-10-0236,B,-8.294231001970244
2018-10-0152,2018-10-0171,B,-12.828501337957798
2019-11-0079,2019-11-0185,B,-14.720718055229025
2020-03-0721,2020-03-0459,A,12.917147109792019
2021-01-0337,2021-01-0378,A,-6.913519553839694
2022-05-0303,2022-05-0245,A,-6.365210542859167
2023-03-0093,2023-03-0095,A,-5.867656372413753
2024-12-0188,2024-12-0163,B,-12.275622405992246
2014-02-0010,2014-02-0055,A,-1.1391991160078505
2016-04-0062,2016-04-0077,A,4.796531648237821
2017-08-0309,2017-08-0293,A,19.89234473588442
2018-01-0388,2018-01-0382,A,2.833783840426653
2019-12-0424,2019-12-0360,A,-13.332033181140098
2020-06-0443,2020-06-0506,B,-9.225096465666502
2021-04-0523,2021-04-0451,A,-0.37731945657829186
2022-01-0340,2022-01-0334,A,-12.483751926424606
2023-12-0003,2023-12-0006,A,1.9029775218022678
2024-05-0101,2024-05-0057,B,0.6796033627831028
2014-10-0334,2014-10-0300,A,0.986817598368462
2016-02-0159,2016-02-0295,B,-14.700551732105051
2017-03-0483,2017-03-0506,A,5.736880118577191
2018-02-0067,2018-01-0615,B,-17.68836285968049
2019-10-0240,2019-10-0323,B,-16.37671310273082
2020-12-0567,2020-12-0477,B,-9.530835089025318
2021-03-0411,2021-03-0420,A,7.219824608148881
2022-01-0125,2022-01-0079,B,-7.856719882544966
2023-07-0048,2023-07-0019,B,-4.57442351693526
2024-04-0084,2024-04-0079,B,-7.160209759402631
2014-02-0161,2014-02-0165,B,2.296846683252121
2016-07-0103,2016-07-0080,B,-6.753159624366094
2017-08-0379,2017-08-0475,A,-13.984838612670197
2018-09-0361,2018-09-0380,A,13.984418120109899
2019-12-0017,2019-12-0130,B,2.142606923373996
2020-07-0092,2020-06-0763,A,2.159336760229662
2021-03-0397,2021-03-0434,A,8.740502074167932
2022-03-0011,2022-03-0039,B,18.136175777184135
2023-02-0238,2023-02-0218,B,-17.698746258601783
2024-10-0048,2024-10-0051,A,-5.650006976690994
2014-03-0048,2014-03-0033,A,13.749110450186155
2016-06-0312,2016-06-0324,A,-15.176162160495817
2017-04-0244,2017-04-0284,B,-2.683233807831841
2018-08-0176,2018-08-0131,A,4.337270029295058
2019-10-0278,2019-10-0257,A,-11.658721660596406
2020-03-0880,2020-03-1087,A,-10.797276003164235
2021-11-0129,2021-11-0176,B,0.4092224814280718
2022-03-0074,2022-03-0066,B,-3.3673691905647782
2023-02-0271,2023-02-0241,A,-2.9809676258723172
2024-02-0126,2024-02-0176,B,-18.81427544979406
2014-09-0180,2014-09-0219,A,-17.503142245116713
2016-05-0290,2016-05-0273,A,-13.61443373007053
2017-10-0202,2017-10-0125,A,11.255711370053067
2018-02-0263,2018-02-0342,B,-4.256455861383286
2019-04-0516,2019-04-0414,A,-6.783889177577203
2020-12-0297,2020-12-0314,A,17.895278566600123
2021-06-0271,2021-06-0262,A,2.7232272817527736
2022-07-0145,2022-07-0188,A,-4.90279948339823
2023-12-0047,2023-12-0021,A,-9.88098113841828
2024-02-0006,2024-01-0310,A,-5.193374231907204
2014-10-0145,2014-10-0151,B,-8.919312482205903
2016-11-0001,2016-11-0003,B,-25.531340386729426
2017-07-0151,2017-07-0127,A,4.1274612096451975
2018-07-0255,2018-07-0270,A,-2.0992583127346385
2019-10-0072,2019-10-0012,A,2.1827045384651913
2020-12-0138,2020-12-0007,B,-16.95306722032153
2021-06-0040,2021-05-0424,A,-22.239687585113522
2022-10-0056,2022-10-0065,B,4.2547792698814595
2023-01-0426,2023-01-0428,B,-6.440199873221547
2024-09-0059,2024-09-0082,B,1.967346645923664
2014-10-0206,2014-10-0183,A,23.725956045757496
2016-08-0124,2016-08-0094,B,2.435929735634754
2017-09-0152,2017-09-0167,B,17.759065594481072
2018-06-0257,2018-06-0356,B,-3.9408166526090875
2019-07-0254,2019-07-0319,A,-0.6941673528270798
2020-06-0523,2020-06-0493,B,-9.65123510813705
2021-06-0294,2021-06-0339,B,-3.48227111287309
2022-12-0337,2022-12-0283,B,-2.846734630969228
2023-12-0030,2023-12-0036,A,17.242561103628894
2024-07-0176,2024-07-0177,A,-1.2070529646680677
2016-09-0312,2016-09-0314,B,9.43159398496117
2017-03-0208,2017-03-0281,B,-5.7238205796817425
2018-08-0073,2018-08-0000,A,3.71109426880587
2019-04-0282,2019-04-0368,A,2.4483543358574926
2020-05-0147,2020-05-0168,A,-23.15001304559618
2021-01-0022,2021-01-0066,B,-2.6860973202752243
2022-11-0239,2022-11-0181,B,-21.974782623999438
2023-03-0201,2023-03-0270,B,1.3027211954531506
2024-06-0157,2024-06-0119,A,14.990933316213914
2017-05-0375,2017-05-0399,B,17.91846704286671
2018-08-0534,2018-08-0523,B,-0.03638961083030656
2019-06-0238,2019-06-0295,A,-12.02394819378757
2020-03-0431,2020-03-0343,A,-8.258078265783542
2021-07-0105,2021-07-0068,B,11.66777703364719
2022-11-0053,2022-11-0033,A,3.9931220579756266
2023-01-0255,2023-01-0261,A,-0.6586923467171459
2024-11-0111,2024-11-0103,A,-7.12948005137518
2017-12-0561,2017-12-0598,B,5.393082251437271
2018-08-0195,2018-08-0086,A,10.017164665427252
2019-08-0419,2019-08-0385,B,1.5006228774090213
2020-03-0803,2020-03-0943,A,-1.9254442127498903
2021-12-0409,2022-01-0010,A,-7.215661615010318
2022-01-0032,2022-01-0151,A,3.297721842575813
2023-07-0020,2023-07-0046,B,2.237709679341785
2024-06-0222,2024-06-0188,B,-5.041729704013315
2017-08-0304,2017-08-0307,B,3.1030637908181857
2018-03-0332,2018-03-0352,A,14.609669685588678
2019-12-0536,2019-12-0481,B,-17.881275312814985
2020-04-0285,2020-04-0237,A,-0.3076542111032813
2021-08-0351,2021-08-0320,A,19.094854833476642
2022-06-0292,2022-06-0317,A,-4.562954467224014
2023-01-0185,2023-01-0220,A,32.88730464806358
2024-09-0046,2024-09-0084,B,11.419310275658862
2017-12-0056,2017-12-0036,A,0.9090274574089552
2018-12-0339,2018-12-0251,A,-18.651109058354272
2019-12-0063,2019-12-0066,A,5.436443868148209
2020-05-0049,2020-05-0014,A,11.656156853234222
2021-04-0078,2021-04-0082,A,4.1036358254849095
2022-10-0001,2022-10-0013,A,2.1115518635031867
2023-03-0309,2023-03-0345,B,18.248278117904512
2024-06-0198,2024-06-0183,B,5.566707939981977
2017-01-0210,2017-01-0169,B,-1.916145218309535
2018-09-0447,2018-09-0401,B,-12.675783727791131
2019-06-0018,2019-05-0601,B,-3.401604995821443
2020-10-0384,2020-10-0450,A,5.2175823979052005
2021-03-0316,2021-03-0302,A,-33.65671745725727
2022-10-0265,2022-10-0213,B,-11.54872629477838
2023-12-0096,2023-12-0106,A,6.031877873209324
2024-04-0168,2024-04-0183,B,-9.987547275128145
2017-05-0449,2017-05-0346,A,-0.08987909847508624
2018-03-0447,2018-03-0479,A,5.101919220566809
2019-06-0425,2019-06-0323,B,8.992447982741798
2020-04-0135,2020-04-0182,A,18.182708972561695
2021-10-0117,2021-10-0200,B,-17.03488009110795
2022-12-0088,2022-12-0111,B,-3.5022139736885016
2023-02-0341,2023-02-0377,B,-18.49964867640225
2024-05-0276,2024-05-0250,A,-28.60332590071807
2017-11-0120,2017-11-0130,A,-6.016809374878921
2018-03-0256,2018-03-0307,B,-13.411896487036822
2019-10-0122,2019-10-0153,B,9.58389047531459
2020-03-0488,2020-03-0746,B,7.443331577032565
2021-05-0250,2021-05-0237,A,-8.482619670511511
2022-05-0087,2022-05-0033,B,19.370323839042793
2023-02-0287,2023-02-0294,A,2.787940842013058
2024-02-0089,2024-02-0043,A,-1.4099677624945388
2017-09-0271,2017-09-0288,A,-2.1769263118616804
2018-01-0641,2018-02-0072,A,-6.142199004274197
2019-08-0222,2019-08-0267,B,-2.508257538753136
2020-06-0736,2020-06-0590,A,4.4083612675356365
2021-11-0272,2021-11-0242,B,-5.677623749129808
2022-06-0365,2022-06-0341,B,7.41238934617353
2023-12-0199,2023-12-0188,A,-11.496619742262991
2024-04-0216,2024-04-0165,A,-6.096728586218413
2017-03-0499,2017-03-0511,A,-0.28214621147676844
2018-03-0292,2018-03-0306,B,-26.363869013742175
2019-11-0178,2019-11-0140,B,4.808811634703184
2020-03-0051,2020-03-0139,B,6.356608252575364
2021-06-0272,2021-06-0225,B,-16.96896125622632
2022-11-0396,2022-12-0000,B,4.558553583929416
2023-02-0187,2023-02-0167,B,18.26225293823862
2024-10-0143,2024-10-0167,B,-4.460624131643796
2017-04-0433,2017-04-0472,A,16.95251571454042
2018-04-0562,2018-04-0521,A,-4.784678767699184
2019-02-0483,2019-03-0030,B,-26.681816833643666
2020-07-0455,2020-07-0531,A,-0.1266317593021767
2021-07-0128,2021-07-0090,A,15.425497478580057
2022-11-0350,2022-11-0332,B,-12.24406924773708
2023-06-0154,2023-06-0164,A,22.684731617146987
2024-07-0262,2024-07-0281,A,4.170856299599784
2017-06-0159,2017-06-0108,B,-1.5596058213112487
2018-03-0149,2018-03-0140,B,15.921538771644373
2019-08-0343,2019-08-0321,A,2.5652620985368744
2020-12-0170,2020-12-0289,A,13.808578072635411
2021-04-0355,2021-04-0398,A,-22.869345698541977
2022-05-0429,2022-06-0059,A,1.575256399062809
2023-04-0234,2023-04-0175,B,8.631696536467445
2024-05-0034,2024-05-0023,B,-3.1673368184080717
2017-12-0193,2017-12-0088,A,-3.606644131330932
2018-01-0501,2018-01-0464,B,-11.837185993063114
2019-12-0342,2019-12-0406,A,11.172769849067826
2020-03-0845,2020-03-1043,B,-26.241867944883747
2021-01-0399,2021-01-0436,A,7.290157453854624
2022-02-0184,2022-02-0191,A,-1.9634775535162978
2023-02-0205,2023-02-0237,A,-2.4824563390046297
2024-04-0043,2024-04-0000,A,6.852230133849323
2017-01-0093,2017-01-0021,A,9.826839122916658
2018-11-0339,2018-11-0318,B,-1.6170665824570718
2019-12-0261,2019-12-0303,B,2.794400515725259
2020-03-0285,2020-03-0208,A,1.7459308357248418
2021-06-0202,2021-06-0201,B,-2.2870125632758698
2022-09-0013,2022-09-0066,A,-5.901537384484252
2023-07-0041,2023-07-0015,B,2.272129299146384
2024-03-0209,2024-03-0217,A,-1.0695867256830909
2017-08-0297,2017-08-0295,A,14.456389766192778
2018-02-0281,2018-02-0249,B,6.9071183071995454
2019-04-0424,2019-04-0494,B,11.462255267534733
2020-02-0407,2020-02-0398,A,13.762387423979904
2021-01-0201,2021-01-0143,B,14.540864072178241
2022-11-0120,2022-11-0093,B,11.929998233834187
2023-04-0203,2023-04-0177,A,-4.238780317477022
