iso_week,chart_type,hi_id,lo_id,hi_score,lo_score,year,a_id,b_id,winner,score_ratio,winner_id,y,s_a,s_b,failed,diff,credit,tie,inconsistent,judge_pick_a
2012-W23,Bar,2012-06-0015,2012-06-0012,183,14,2012,2012-06-0012,2012-06-0015,B,13.071428571428571,2012-06-0015,0,3.8333333333333335,2.5,False,1.3333333333333335,0.0,False,,1.0
2013-W37,Line,2013-09-0081,2013-09-0078,1693,20,2013,2013-09-0078,2013-09-0081,B,84.65,2013-09-0081,0,2.333333333333333,2.1666666666666665,False,0.16666666666666652,0.0,False,,1.0
2014-W42,Line,2014-10-0235,2014-10-0186,3190,24,2014,2014-10-0235,2014-10-0186,A,132.91666666666666,2014-10-0235,1,4.166666666666667,3.333333333333333,False,0.8333333333333339,1.0,False,,1.0
2015-W14,Maps,2015-04-0025,2015-04-0036,525,7,2015,2015-04-0025,2015-04-0036,A,75.0,2015-04-0025,1,3.6666666666666665,3.333333333333333,False,0.3333333333333335,1.0,False,,1.0
2016-W08,Bar,2016-02-0435,2016-02-0475,90,7,2016,2016-02-0435,2016-02-0475,A,12.857142857142858,2016-02-0435,1,2.833333333333333,2.5,False,0.33333333333333304,1.0,False,,1.0
2017-W22,Line,2017-05-0485,2017-06-0020,22610,39,2017,2017-05-0485,2017-06-0020,A,579.7435897435897,2017-05-0485,1,3.5,2.333333333333333,False,1.166666666666667,1.0,False,,1.0
2018-W29,Bar,2018-07-0405,2018-07-0410,721,22,2018,2018-07-0410,2018-07-0405,B,32.77272727272727,2018-07-0405,0,3.6666666666666665,2.5,False,1.1666666666666665,0.0,False,,1.0
2019-W41,Maps,2019-10-0216,2019-10-0192,8937,18,2019,2019-10-0216,2019-10-0192,A,496.5,2019-10-0216,1,2.833333333333333,3.5,False,-0.666666666666667,0.0,False,,0.0
2020-W04,Bar,2020-01-0568,2020-01-0459,1538,92,2020,2020-01-0568,2020-01-0459,A,16.717391304347824,2020-01-0568,1,3.1666666666666665,2.333333333333333,False,0.8333333333333335,1.0,False,,1.0
2021-W44,Maps,2021-11-0029,2021-11-0070,1032,44,2021,2021-11-0070,2021-11-0029,B,23.454545454545453,2021-11-0029,0,3.5,3.8333333333333335,False,-0.3333333333333335,1.0,False,,0.0
2022-W16,Bar,2022-04-0253,2022-04-0256,55,8,2022,2022-04-0253,2022-04-0256,A,6.875,2022-04-0253,1,3.8333333333333335,3.8333333333333335,False,0.0,0.5,True,,
2023-W03,Maps,2023-01-0318,2023-01-0225,436,14,2023,2023-01-0318,2023-01-0225,A,31.142857142857142,2023-01-0318,1,3.8333333333333335,3.333333333333333,False,0.5000000000000004,1.0,False,,1.0
2024-W28,Maps,2024-07-0090,2024-07-0128,6329,17,2024,2024-07-0128,2024-07-0090,B,372.29411764705884,2024-07-0090,0,3.8333333333333335,3.333333333333333,False,0.5000000000000004,0.0,False,,1.0
2025-W03,Maps,2025-01-0122,2025-01-0139,290,18,2025,2025-01-0122,2025-01-0139,A,16.11111111111111,2025-01-0122,1,3.8333333333333335,3.8333333333333335,False,0.0,0.5,True,,
2012-W49,Line,2012-12-0015,2012-12-0014,396,9,2012,2012-12-0014,2012-12-0015,B,44.0,2012-12-0015,0,2.333333333333333,4.0,False,-1.666666666666667,1.0,False,,0.0
2013-W16,Maps,2013-04-0057,2013-04-0076,1958,5,2013,2013-04-0057,2013-04-0076,A,391.6,2013-04-0057,1,4.0,2.1666666666666665,False,1.8333333333333335,1.0,False,,1.0
2014-W33,Line,2014-08-0127,2014-08-0165,3323,41,2014,2014-08-0127,2014-08-0165,A,81.04878048780488,2014-08-0127,1,2.1666666666666665,2.333333333333333,False,-0.16666666666666652,0.0,False,,0.0
2015-W34,Maps,2015-08-0357,2015-08-0247,83,11,2015,2015-08-0247,2015-08-0357,B,7.545454545454546,2015-08-0357,0,3.5,3.5,False,0.0,0.5,True,,
2016-W39,Maps,2016-09-0336,2016-09-0363,56,10,2016,2016-09-0336,2016-09-0363,A,5.6,2016-09-0336,1,3.333333333333333,2.5,False,0.833333333333333,1.0,False,,1.0
2017-W11,Bar,2017-03-0264,2017-03-0262,162,20,2017,2017-03-0262,2017-03-0264,B,8.1,2017-03-0264,0,3.0,2.833333333333333,False,0.16666666666666696,0.0,False,,1.0
2018-W25,Maps,2018-06-0427,2018-06-0400,68,13,2018,2018-06-0400,2018-06-0427,B,5.230769230769231,2018-06-0427,0,2.833333333333333,3.1666666666666665,False,-0.3333333333333335,1.0,False,,0.0
2019-W51,Bar,2019-12-0428,2019-12-0407,34683,69,2019,2019-12-0407,2019-12-0428,B,502.6521739130435,2019-12-0428,0,3.333333333333333,3.333333333333333,False,0.0,0.5,True,,
2020-W17,Bar,2020-04-1005,2020-04-0905,21649,19,2020,2020-04-1005,2020-04-0905,A,1139.421052631579,2020-04-1005,1,2.6666666666666665,2.333333333333333,False,0.3333333333333335,1.0,False,,1.0
2021-W15,Bar,2021-04-0307,2021-04-0293,29598,85,2021,2021-04-0307,2021-04-0293,A,348.21176470588233,2021-04-0307,1,3.8333333333333335,3.8333333333333335,False,0.0,0.5,True,,
2022-W09,Maps,2022-03-0018,2022-03-0045,14708,27,2022,2022-03-0018,2022-03-0045,A,544.7407407407408,2022-03-0018,1,3.8333333333333335,3.8333333333333335,False,0.0,0.5,True,,
2023-W44,Bar,2023-11-0030,2023-11-0013,105,16,2023,2023-11-0030,2023-11-0013,A,6.5625,2023-11-0030,1,3.333333333333333,3.5,False,-0.16666666666666696,0.0,False,,0.0
2024-W18,Bar,2024-05-0000,2024-05-0036,126,11,2024,2024-05-0000,2024-05-0036,A,11.454545454545455,2024-05-0000,1,3.8333333333333335,4.0,False,-0.16666666666666652,0.0,False,,0.0
2025-W01,Area,2025-01-0019,2025-01-0027,4615,7,2025,2025-01-0019,2025-01-0027,A,659.2857142857143,2025-01-0019,1,3.6666666666666665,4.0,False,-0.3333333333333335,0.0,False,,0.0
2012-W49,Line,2012-12-0017,2012-12-0006,419,49,2012,2012-12-0017,2012-12-0006,A,8.551020408163266,2012-12-0017,1,3.1666666666666665,3.6666666666666665,False,-0.5,0.0,False,,0.0
2013-W05,Maps,2013-02-0006,2013-01-0130,1452,6,2013,2013-02-0006,2013-01-0130,A,242.0,2013-02-0006,1,2.6666666666666665,2.833333333333333,False,-0.16666666666666652,0.0,False,,0.0
2014-W41,Maps,2014-10-0109,2014-10-0127,2100,22,2014,2014-10-0127,2014-10-0109,B,95.45454545454545,2014-10-0109,0,4.0,2.1666666666666665,False,1.8333333333333335,0.0,False,,1.0
2015-W28,Maps,2015-07-0146,2015-07-0133,1481,11,2015,2015-07-0133,2015-07-0146,B,134.63636363636363,2015-07-0146,0,3.6666666666666665,2.5,False,1.1666666666666665,0.0,False,,1.0
2016-W25,Bar,2016-06-0332,2016-06-0345,4718,14,2016,2016-06-0332,2016-06-0345,A,337.0,2016-06-0332,1,4.0,3.8333333333333335,False,0.16666666666666652,1.0,False,,1.0
2017-W38,Bar,2017-09-0302,2017-09-0297,100,12,2017,2017-09-0302,2017-09-0297,A,8.333333333333334,2017-09-0302,1,3.333333333333333,2.333333333333333,False,1.0,1.0,False,,1.0
2018-W22,Maps,2018-05-0463,2018-06-0031,35000,27,2018,2018-06-0031,2018-05-0463,B,1296.2962962962963,2018-05-0463,0,2.5,3.8333333333333335,False,-1.3333333333333335,1.0,False,,0.0
2019-W04,Line,2019-01-0441,2019-01-0496,19237,9,2019,2019-01-0441,2019-01-0496,A,2137.4444444444443,2019-01-0441,1,3.5,3.6666666666666665,False,-0.16666666666666652,0.0,False,,0.0
2020-W37,Line,2020-09-0128,2020-09-0236,204,15,2020,2020-09-0236,2020-09-0128,B,13.6,2020-09-0128,0,3.0,3.1666666666666665,False,-0.16666666666666652,1.0,False,,0.0
2021-W49,Maps,2021-12-0101,2021-12-0059,466,18,2021,2021-12-0101,2021-12-0059,A,25.88888888888889,2021-12-0101,1,3.6666666666666665,3.5,False,0.16666666666666652,1.0,False,,1.0
2022-W40,Line,2022-10-0124,2022-10-0049,387,29,2022,2022-10-0049,2022-10-0124,B,13.344827586206897,2022-10-0124,0,2.1666666666666665,4.0,False,-1.8333333333333335,1.0,False,,0.0
2023-W08,Bar,2023-02-0380,2023-02-0300,8187,15,2023,2023-02-0300,2023-02-0380,B,545.8,2023-02-0380,0,3.333333333333333,3.5,False,-0.16666666666666696,1.0,False,,0.0
2024-W37,Bar,2024-09-0061,2024-09-0086,2100,43,2024,2024-09-0086,2024-09-0061,B,48.83720930232558,2024-09-0061,0,2.5,3.333333333333333,False,-0.833333333333333,1.0,False,,0.0
2025-W02,Maps,2025-01-0063,2025-01-0091,291,12,2025,2025-01-0091,2025-01-0063,B,24.25,2025-01-0063,0,3.8333333333333335,3.8333333333333335,False,0.0,0.5,True,,
2012-W38,Maps,2012-09-0044,2012-09-0030,73,6,2012,2012-09-0044,2012-09-0030,A,12.166666666666666,2012-09-0044,1,3.0,3.5,False,-0.5,0.0,False,,0.0
2013-W49,Line,2013-12-0005,2013-12-0027,74,6,2013,2013-12-0027,2013-12-0005,B,12.333333333333334,2013-12-0005,0,2.5,2.333333333333333,False,0.16666666666666696,0.0,False,,1.0
2014-W45,Bar,2014-11-0032,2014-11-0069,3104,121,2014,2014-11-0069,2014-11-0032,B,25.65289256198347,2014-11-0032,0,3.1666666666666665,2.6666666666666665,False,0.5,0.0,False,,1.0
2015-W29,Maps,2015-07-0269,2015-07-0258,96,12,2015,2015-07-0269,2015-07-0258,A,8.0,2015-07-0269,1,3.5,4.0,False,-0.5,0.0,False,,0.0
2016-W40,Line,2016-10-0032,2016-10-0039,5005,5,2016,2016-10-0032,2016-10-0039,A,1001.0,2016-10-0032,1,3.1666666666666665,3.333333333333333,False,-0.16666666666666652,0.0,False,,0.0
2017-W24,Line,2017-06-0211,2017-06-0208,25541,70,2017,2017-06-0208,2017-06-0211,B,364.87142857142857,2017-06-0211,0,3.1666666666666665,3.6666666666666665,False,-0.5,1.0,False,,0.0
2018-W17,Maps,2018-04-0546,2018-04-0557,17738,226,2018,2018-04-0546,2018-04-0557,A,78.48672566371681,2018-04-0546,1,3.5,3.0,False,0.5,1.0,False,,1.0
2019-W40,Line,2019-10-0087,2019-10-0029,14071,60,2019,2019-10-0087,2019-10-0029,A,234.51666666666668,2019-10-0087,1,4.0,2.833333333333333,False,1.166666666666667,1.0,False,,1.0
2020-W36,Point,2020-09-0101,2020-09-0107,57,8,2020,2020-09-0101,2020-09-0107,A,7.125,2020-09-0101,1,2.833333333333333,3.5,False,-0.666666666666667,0.0,False,,0.0
2021-W02,Bar,2021-01-0455,2021-01-0407,165,7,2021,2021-01-0407,2021-01-0455,B,23.571428571428573,2021-01-0455,0,2.833333333333333,3.333333333333333,False,-0.5,1.0,False,,0.0
2022-W25,Maps,2022-06-0324,2022-06-0288,3291,57,2022,2022-06-0288,2022-06-0324,B,57.73684210526316,2022-06-0324,0,2.6666666666666665,3.6666666666666665,False,-1.0,1.0,False,,0.0
2023-W03,Bar,2023-01-0287,2023-01-0265,2236,10,2023,2023-01-0265,2023-01-0287,B,223.6,2023-01-0287,0,3.8333333333333335,2.833333333333333,False,1.0000000000000004,0.0,False,,1.0
2024-W14,Line,2024-04-0021,2024-04-0062,904,102,2024,2024-04-0062,2024-04-0021,B,8.862745098039216,2024-04-0021,0,3.0,3.5,False,-0.5,1.0,False,,0.0
2025-W01,Bar,2025-01-0011,2025-01-0005,2345,16,2025,2025-01-0005,2025-01-0011,B,146.5625,2025-01-0011,0,3.333333333333333,3.6666666666666665,False,-0.3333333333333335,1.0,False,,0.0
2012-W46,Maps,2012-11-0062,2012-11-0053,298,19,2012,2012-11-0062,2012-11-0053,A,15.68421052631579,2012-11-0062,1,3.8333333333333335,4.0,False,-0.16666666666666652,0.0,False,,0.0
2013-W27,Line,2013-07-0042,2013-07-0033,413,72,2013,2013-07-0042,2013-07-0033,A,5.736111111111111,2013-07-0042,1,3.333333333333333,2.1666666666666665,False,1.1666666666666665,1.0,False,,1.0
2014-W41,Line,2014-10-0099,2014-10-0121,3131,9,2014,2014-10-0099,2014-10-0121,A,347.8888888888889,2014-10-0099,1,2.833333333333333,4.0,False,-1.166666666666667,0.0,False,,0.0
2015-W30,Maps,2015-07-0329,2015-07-0332,2108,72,2015,2015-07-0332,2015-07-0329,B,29.27777777777778,2015-07-0329,0,3.0,2.6666666666666665,False,0.3333333333333335,0.0,False,,1.0
2016-W51,Area,2016-12-0322,2016-12-0332,105,11,2016,2016-12-0322,2016-12-0332,A,9.545454545454545,2016-12-0322,1,3.0,4.0,False,-1.0,0.0,False,,0.0
2017-W33,Line,2017-08-0249,2017-08-0292,3668,6,2017,2017-08-0249,2017-08-0292,A,611.3333333333334,2017-08-0249,1,3.1666666666666665,3.0,False,0.16666666666666652,1.0,False,,1.0
2018-W15,Line,2018-04-0279,2018-04-0286,100,5,2018,2018-04-0279,2018-04-0286,A,20.0,2018-04-0279,1,3.333333333333333,3.333333333333333,False,0.0,0.5,True,,
2019-W51,Line,2019-12-0446,2019-12-0466,22862,14,2019,2019-12-0446,2019-12-0466,A,1633.0,2019-12-0446,1,4.0,2.1666666666666665,False,1.8333333333333335,1.0,False,,1.0
2020-W30,Maps,2020-07-0571,2020-07-0519,171,7,2020,2020-07-0571,2020-07-0519,A,24.428571428571427,2020-07-0571,1,3.8333333333333335,2.5,False,1.3333333333333335,1.0,False,,1.0
2021-W44,Bar,2021-11-0034,2021-11-0022,11621,24,2021,2021-11-0022,2021-11-0034,B,484.2083333333333,2021-11-0034,0,3.6666666666666665,4.0,False,-0.3333333333333335,1.0,False,,0.0
2022-W24,Maps,2022-06-0204,2022-06-0166,15127,524,2022,2022-06-0166,2022-06-0204,B,28.86832061068702,2022-06-0204,0,3.5,3.5,False,0.0,0.5,True,,
2023-W10,Diagrams,2023-03-0075,2023-03-0102,2174,118,2023,2023-03-0075,2023-03-0102,A,18.423728813559322,2023-03-0075,1,3.8333333333333335,3.5,False,0.3333333333333335,1.0,False,,1.0
2024-W05,Maps,2024-01-0302,2024-01-0306,444,13,2024,2024-01-0302,2024-01-0306,A,34.15384615384615,2024-01-0302,1,3.8333333333333335,3.1666666666666665,False,0.666666666666667,1.0,False,,1.0
2025-W02,Line,2025-01-0052,2025-01-0097,1502,193,2025,2025-01-0097,2025-01-0052,B,7.782383419689119,2025-01-0052,0,3.1666666666666665,3.333333333333333,False,-0.16666666666666652,1.0,False,,0.0
2012-W41,Point,2012-10-0022,2012-10-0019,627,90,2012,2012-10-0019,2012-10-0022,B,6.966666666666667,2012-10-0022,0,3.333333333333333,3.333333333333333,False,0.0,0.5,True,,
2013-W41,Bar,2013-10-0034,2013-10-0048,539,29,2013,2013-10-0048,2013-10-0034,B,18.586206896551722,2013-10-0034,0,2.333333333333333,2.1666666666666665,False,0.16666666666666652,0.0,False,,1.0
2014-W36,Point,2014-09-0028,2014-09-0041,2296,16,2014,2014-09-0041,2014-09-0028,B,143.5,2014-09-0028,0,3.1666666666666665,2.333333333333333,False,0.8333333333333335,0.0,False,,1.0
2015-W28,Line,2015-07-0065,2015-07-0078,535,105,2015,2015-07-0065,2015-07-0078,A,5.095238095238095,2015-07-0065,1,3.5,3.333333333333333,False,0.16666666666666696,1.0,False,,1.0
2016-W43,Trees & Networks,2016-10-0320,2016-10-0314,363,22,2016,2016-10-0320,2016-10-0314,A,16.5,2016-10-0320,1,1.8333333333333333,1.6666666666666667,False,0.16666666666666652,1.0,False,,1.0
2017-W33,Maps,2017-08-0268,2017-08-0286,4100,13,2017,2017-08-0286,2017-08-0268,B,315.38461538461536,2017-08-0268,0,2.6666666666666665,3.0,False,-0.3333333333333335,1.0,False,,0.0
2018-W14,Bar,2018-04-0089,2018-04-0129,471,18,2018,2018-04-0089,2018-04-0129,A,26.166666666666668,2018-04-0089,1,3.8333333333333335,3.0,False,0.8333333333333335,1.0,False,,1.0
2019-W50,Grid & Matrix,2019-12-0222,2019-12-0242,11568,78,2019,2019-12-0242,2019-12-0222,B,148.30769230769232,2019-12-0222,0,3.1666666666666665,2.5,False,0.6666666666666665,0.0,False,,1.0
2020-W16,Bar,2020-04-0883,2020-04-0803,140,15,2020,2020-04-0883,2020-04-0803,A,9.333333333333334,2020-04-0883,1,3.333333333333333,4.0,False,-0.666666666666667,0.0,False,,0.0
2021-W04,Maps,2021-01-0714,2021-01-0749,198,35,2021,2021-01-0714,2021-01-0749,A,5.6571428571428575,2021-01-0714,1,3.5,3.0,False,0.5,1.0,False,,1.0
2022-W47,Bar,2022-11-0319,2022-11-0311,331,5,2022,2022-11-0319,2022-11-0311,A,66.2,2022-11-0319,1,3.333333333333333,2.6666666666666665,False,0.6666666666666665,1.0,False,,1.0
2023-W05,Line,2023-02-0053,2023-01-0435,19781,13,2023,2023-01-0435,2023-02-0053,B,1521.6153846153845,2023-02-0053,0,2.5,3.8333333333333335,False,-1.3333333333333335,1.0,False,,0.0
2024-W23,Bar,2024-06-0054,2024-06-0057,7798,524,2024,2024-06-0054,2024-06-0057,A,14.881679389312977,2024-06-0054,1,4.166666666666667,4.0,False,0.16666666666666696,1.0,False,,1.0
2025-W02,Line,2025-01-0105,2025-01-0065,682,102,2025,2025-01-0065,2025-01-0105,B,6.686274509803922,2025-01-0105,0,4.333333333333333,4.0,False,0.33333333333333304,0.0,False,,1.0
2012-W44,Maps,2012-10-0078,2012-11-0010,309,49,2012,2012-11-0010,2012-10-0078,B,6.3061224489795915,2012-10-0078,0,3.5,4.0,False,-0.5,1.0,False,,0.0
2013-W06,Line,2013-02-0014,2013-02-0012,163,10,2013,2013-02-0014,2013-02-0012,A,16.3,2013-02-0014,1,2.333333333333333,2.833333333333333,False,-0.5,0.0,False,,0.0
2014-W20,Trees & Networks,2014-05-0083,2014-05-0084,2839,54,2014,2014-05-0084,2014-05-0083,B,52.574074074074076,2014-05-0083,0,3.0,3.1666666666666665,False,-0.16666666666666652,1.0,False,,0.0
2015-W19,Maps,2015-05-0094,2015-05-0138,125,18,2015,2015-05-0094,2015-05-0138,A,6.944444444444445,2015-05-0094,1,3.1666666666666665,3.333333333333333,False,-0.16666666666666652,0.0,False,,0.0
2016-W47,Maps,2016-11-0322,2016-11-0366,7418,20,2016,2016-11-0322,2016-11-0366,A,370.9,2016-11-0322,1,3.8333333333333335,2.1666666666666665,False,1.666666666666667,1.0,False,,1.0
2017-W34,Line,2017-08-0433,2017-08-0418,1819,46,2017,2017-08-0418,2017-08-0433,B,39.54347826086956,2017-08-0433,0,2.1666666666666665,3.8333333333333335,False,-1.666666666666667,1.0,False,,0.0
2018-W01,Diagrams,2018-01-0109,2018-01-0048,210,19,2018,2018-01-0048,2018-01-0109,B,11.052631578947368,2018-01-0109,0,3.333333333333333,2.6666666666666665,False,0.6666666666666665,0.0,False,,1.0
2019-W39,Maps,2019-09-0369,2019-09-0356,13633,38,2019,2019-09-0356,2019-09-0369,B,358.7631578947368,2019-09-0369,0,3.333333333333333,3.6666666666666665,False,-0.3333333333333335,1.0,False,,0.0
2020-W10,Bar,2020-03-0036,2020-03-0073,23801,6,2020,2020-03-0036,2020-03-0073,A,3966.8333333333335,2020-03-0036,1,4.0,3.8333333333333335,False,0.16666666666666652,1.0,False,,1.0
2021-W51,Maps,2021-12-0324,2021-12-0290,1576,14,2021,2021-12-0290,2021-12-0324,B,112.57142857142857,2021-12-0324,0,3.1666666666666665,2.333333333333333,False,0.8333333333333335,0.0,False,,1.0
2022-W34,Bar,2022-08-0339,2022-08-0300,763,22,2022,2022-08-0300,2022-08-0339,B,34.68181818181818,2022-08-0339,0,2.5,3.8333333333333335,False,-1.3333333333333335,1.0,False,,0.0
2023-W06,Circle,2023-02-0100,2023-02-0090,3999,27,2023,2023-02-0100,2023-02-0090,A,148.11111111111111,2023-02-0100,1,3.6666666666666665,3.333333333333333,False,0.3333333333333335,1.0,False,,1.0
2024-W23,Bar,2024-06-0038,2024-06-0044,849,44,2024,2024-06-0038,2024-06-0044,A,19.295454545454547,2024-06-0038,1,3.0,2.6666666666666665,False,0.3333333333333335,1.0,False,,1.0
2025-W04,Maps,2025-01-0208,2025-01-0162,491,7,2025,2025-01-0208,2025-01-0162,A,70.14285714285714,2025-01-0208,1,3.1666666666666665,2.5,False,0.6666666666666665,1.0,False,,1.0
2012-W47,Line,2012-11-0090,2012-11-0084,444,45,2012,2012-11-0084,2012-11-0090,B,9.866666666666667,2012-11-0090,0,3.333333333333333,3.8333333333333335,False,-0.5000000000000004,1.0,False,,0.0
2013-W18,Maps,2013-05-0000,2013-05-0009,1554,61,2013,2013-05-0000,2013-05-0009,A,25.475409836065573,2013-05-0000,1,3.1666666666666665,3.1666666666666665,False,0.0,0.5,True,,
2014-W16,Bar,2014-04-0095,2014-04-0109,2348,6,2014,2014-04-0095,2014-04-0109,A,391.3333333333333,2014-04-0095,1,4.833333333333333,3.5,False,1.333333333333333,1.0,False,,1.0
2015-W32,Trees & Networks,2015-08-0125,2015-08-0030,88,9,2015,2015-08-0030,2015-08-0125,B,9.777777777777779,2015-08-0125,0,3.0,3.1666666666666665,False,-0.16666666666666652,1.0,False,,0.0
2016-W30,Bar,2016-07-0337,2016-07-0369,121,8,2016,2016-07-0369,2016-07-0337,B,15.125,2016-07-0337,0,3.333333333333333,4.0,False,-0.666666666666667,1.0,False,,0.0
2017-W35,Bar,2017-09-0001,2017-09-0023,1079,12,2017,2017-09-0001,2017-09-0023,A,89.91666666666667,2017-09-0001,1,2.333333333333333,4.0,False,-1.666666666666667,0.0,False,,0.0
2018-W08,Bar,2018-02-0476,2018-02-0401,19797,32,2018,2018-02-0401,2018-02-0476,B,618.65625,2018-02-0476,0,3.0,3.8333333333333335,False,-0.8333333333333335,1.0,False,,0.0
2019-W42,Bar,2019-10-0335,2019-10-0267,36366,20,2019,2019-10-0267,2019-10-0335,B,1818.3,2019-10-0335,0,3.333333333333333,3.333333333333333,False,0.0,0.5,True,,
2020-W15,Bar,2020-04-0592,2020-04-0219,11541,11,2020,2020-04-0219,2020-04-0592,B,1049.1818181818182,2020-04-0592,0,2.833333333333333,3.8333333333333335,False,-1.0000000000000004,1.0,False,,0.0
2021-W06,Maps,2021-02-0203,2021-02-0228,364,38,2021,2021-02-0228,2021-02-0203,B,9.578947368421053,2021-02-0203,0,3.6666666666666665,3.5,False,0.16666666666666652,0.0,False,,1.0
2022-W06,Maps,2022-02-0138,2022-02-0177,1100,51,2022,2022-02-0177,2022-02-0138,B,21.568627450980394,2022-02-0138,0,2.333333333333333,2.333333333333333,False,0.0,0.5,True,,
2023-W01,Bar,2023-01-0063,2023-01-0029,6063,8,2023,2023-01-0029,2023-01-0063,B,757.875,2023-01-0063,0,2.1666666666666665,2.833333333333333,False,-0.6666666666666665,1.0,False,,0.0
2024-W27,Maps,2024-07-0003,2024-07-0023,343,18,2024,2024-07-0023,2024-07-0003,B,19.055555555555557,2024-07-0003,0,2.6666666666666665,2.833333333333333,False,-0.16666666666666652,1.0,False,,0.0
2025-W04,Maps,2025-01-0183,2025-01-0172,242,11,2025,2025-01-0172,2025-01-0183,B,22.0,2025-01-0183,0,3.8333333333333335,3.1666666666666665,False,0.666666666666667,0.0,False,,1.0
2012-W24,Bar,2012-06-0023,2012-06-0031,634,115,2012,2012-06-0031,2012-06-0023,B,5.51304347826087,2012-06-0023,0,3.8333333333333335,1.6666666666666667,False,2.166666666666667,0.0,False,,1.0
2013-W19,Point,2013-05-0024,2013-05-0065,656,21,2013,2013-05-0024,2013-05-0065,A,31.238095238095237,2013-05-0024,1,2.1666666666666665,1.6666666666666667,False,0.4999999999999998,1.0,False,,1.0
2014-W17,Bar,2014-04-0133,2014-04-0154,860,17,2014,2014-04-0133,2014-04-0154,A,50.588235294117645,2014-04-0133,1,2.6666666666666665,2.6666666666666665,False,0.0,0.5,True,,
2015-W19,Maps,2015-05-0144,2015-05-0119,697,12,2015,2015-05-0144,2015-05-0119,A,58.083333333333336,2015-05-0144,1,2.333333333333333,3.0,False,-0.666666666666667,0.0,False,,0.0
2016-W51,Maps,2016-12-0374,2016-12-0324,169,11,2016,2016-12-0324,2016-12-0374,B,15.363636363636363,2016-12-0374,0,3.1666666666666665,2.833333333333333,False,0.3333333333333335,0.0,False,,1.0
2017-W15,Bar,2017-04-0144,2017-04-0130,253,6,2017,2017-04-0144,2017-04-0130,A,42.166666666666664,2017-04-0144,1,3.333333333333333,2.333333333333333,False,1.0,1.0,False,,1.0
2018-W15,Bar,2018-04-0154,2018-04-0155,28617,14,2018,2018-04-0155,2018-04-0154,B,2044.0714285714287,2018-04-0154,0,3.8333333333333335,2.5,False,1.3333333333333335,0.0,False,,1.0
2019-W52,Maps,2019-12-0518,2019-12-0574,365,40,2019,2019-12-0518,2019-12-0574,A,9.125,2019-12-0518,1,3.333333333333333,3.6666666666666665,False,-0.3333333333333335,0.0,False,,0.0
2020-W12,Line,2020-03-0764,2020-03-0618,3093,7,2020,2020-03-0618,2020-03-0764,B,441.85714285714283,2020-03-0764,0,2.5,3.1666666666666665,False,-0.6666666666666665,1.0,False,,0.0
2021-W23,Maps,2021-06-0130,2021-06-0191,29072,90,2021,2021-06-0130,2021-06-0191,A,323.02222222222224,2021-06-0130,1,3.5,2.833333333333333,False,0.666666666666667,1.0,False,,1.0
2022-W26,Maps,2022-07-0016,2022-07-0029,810,23,2022,2022-07-0029,2022-07-0016,B,35.21739130434783,2022-07-0016,0,2.333333333333333,3.0,False,-0.666666666666667,1.0,False,,0.0
2023-W06,Bar,2023-02-0146,2023-02-0079,31290,433,2023,2023-02-0146,2023-02-0079,A,72.26327944572748,2023-02-0146,1,3.6666666666666665,2.6666666666666665,False,1.0,1.0,False,,1.0
2024-W12,Bar,2024-03-0168,2024-03-0152,1395,93,2024,2024-03-0152,2024-03-0168,B,15.0,2024-03-0168,0,3.8333333333333335,3.8333333333333335,False,0.0,0.5,True,,
2025-W02,Bar,2025-01-0078,2025-01-0075,885,9,2025,2025-01-0078,2025-01-0075,A,98.33333333333333,2025-01-0078,1,4.333333333333333,3.5,False,0.833333333333333,1.0,False,,1.0
2012-W28,Maps,2012-07-0025,2012-07-0021,106,15,2012,2012-07-0021,2012-07-0025,B,7.066666666666666,2012-07-0025,0,3.6666666666666665,4.166666666666667,False,-0.5000000000000004,1.0,False,,0.0
2013-W47,Bar,2013-11-0126,2013-11-0112,634,10,2013,2013-11-0112,2013-11-0126,B,63.4,2013-11-0126,0,2.1666666666666665,3.5,False,-1.3333333333333335,1.0,False,,0.0
2014-W32,Maps,2014-08-0032,2014-08-0103,534,11,2014,2014-08-0032,2014-08-0103,A,48.54545454545455,2014-08-0032,1,2.1666666666666665,3.1666666666666665,False,-1.0,0.0,False,,0.0
2015-W24,Bar,2015-06-0164,2015-06-0143,3064,11,2015,2015-06-0143,2015-06-0164,B,278.54545454545456,2015-06-0164,0,2.333333333333333,3.5,False,-1.166666666666667,1.0,False,,0.0
2016-W49,Maps,2016-12-0107,2016-12-0074,137,24,2016,2016-12-0074,2016-12-0107,B,5.708333333333333,2016-12-0107,0,3.333333333333333,3.6666666666666665,False,-0.3333333333333335,1.0,False,,0.0
2017-W52,Line,2017-12-0492,2017-12-0483,12456,46,2017,2017-12-0483,2017-12-0492,B,270.7826086956522,2017-12-0492,0,3.8333333333333335,3.333333333333333,False,0.5000000000000004,0.0,False,,1.0
2018-W37,Maps,2018-09-0171,2018-09-0136,357,7,2018,2018-09-0136,2018-09-0171,B,51.0,2018-09-0171,0,2.333333333333333,4.333333333333333,False,-2.0,1.0,False,,0.0
2019-W13,Bar,2019-03-0536,2019-03-0595,4115,6,2019,2019-03-0595,2019-03-0536,B,685.8333333333334,2019-03-0536,0,3.5,3.333333333333333,False,0.16666666666666696,0.0,False,,1.0
2020-W48,Bar,2020-11-0625,2020-11-0553,729,122,2020,2020-11-0625,2020-11-0553,A,5.975409836065574,2020-11-0625,1,4.0,2.333333333333333,False,1.666666666666667,1.0,False,,1.0
2021-W32,Bar,2021-08-0134,2021-08-0205,318,26,2021,2021-08-0134,2021-08-0205,A,12.23076923076923,2021-08-0134,1,3.5,2.6666666666666665,False,0.8333333333333335,1.0,False,,1.0
2022-W20,Line,2022-05-0246,2022-05-0222,1851,115,2022,2022-05-0222,2022-05-0246,B,16.095652173913045,2022-05-0246,0,3.5,3.5,False,0.0,0.5,True,,
2023-W51,Area,2023-12-0161,2023-12-0122,3101,267,2023,2023-12-0161,2023-12-0122,A,11.614232209737828,2023-12-0161,1,3.5,3.6666666666666665,False,-0.16666666666666652,0.0,False,,0.0
2024-W12,Line,2024-03-0200,2024-03-0162,189,14,2024,2024-03-0200,2024-03-0162,A,13.5,2024-03-0200,1,4.166666666666667,3.0,False,1.166666666666667,1.0,False,,1.0
2025-W05,Maps,2025-01-0245,2025-01-0244,356,42,2025,2025-01-0244,2025-01-0245,B,8.476190476190476,2025-01-0245,0,3.8333333333333335,3.333333333333333,False,0.5000000000000004,0.0,False,,1.0
2012-W45,Maps,2012-11-0043,2012-11-0039,645,121,2012,2012-11-0039,2012-11-0043,B,5.330578512396694,2012-11-0043,0,2.1666666666666665,2.1666666666666665,False,0.0,0.5,True,,
2013-W42,Maps,2013-10-0093,2013-10-0102,222,24,2013,2013-10-0102,2013-10-0093,B,9.25,2013-10-0093,0,3.1666666666666665,3.6666666666666665,False,-0.5,1.0,False,,0.0
2014-W39,Bar,2014-09-0225,2014-09-0228,1397,5,2014,2014-09-0225,2014-09-0228,A,279.4,2014-09-0225,1,4.0,3.8333333333333335,False,0.16666666666666652,1.0,False,,1.0
2015-W33,Bar,2015-08-0150,2015-08-0226,119,15,2015,2015-08-0150,2015-08-0226,A,7.933333333333334,2015-08-0150,1,2.1666666666666665,3.0,False,-0.8333333333333335,0.0,False,,0.0
2016-W49,Line,2016-12-0131,2016-12-0119,74,8,2016,2016-12-0119,2016-12-0131,B,9.25,2016-12-0131,0,3.5,2.6666666666666665,False,0.8333333333333335,0.0,False,,1.0
2017-W25,Bar,2017-06-0356,2017-06-0298,7228,53,2017,2017-06-0298,2017-06-0356,B,136.37735849056602,2017-06-0356,0,3.8333333333333335,3.8333333333333335,False,0.0,0.5,True,,
2018-W47,Diagrams,2018-11-0343,2018-11-0301,86,9,2018,2018-11-0301,2018-11-0343,B,9.555555555555555,2018-11-0343,0,2.6666666666666665,3.333333333333333,False,-0.6666666666666665,1.0,False,,0.0
2019-W17,Bar,2019-04-0407,2019-04-0493,158,15,2019,2019-04-0407,2019-04-0493,A,10.533333333333333,2019-04-0407,1,3.8333333333333335,3.8333333333333335,False,0.0,0.5,True,,
2020-W35,Maps,2020-08-0556,2020-08-0581,298,8,2020,2020-08-0556,2020-08-0581,A,37.25,2020-08-0556,1,3.8333333333333335,2.5,False,1.3333333333333335,1.0,False,,1.0
2021-W39,Maps,2021-10-0003,2021-09-0349,17920,80,2021,2021-09-0349,2021-10-0003,B,224.0,2021-10-0003,0,3.8333333333333335,3.8333333333333335,False,0.0,0.5,True,,
