winner_id,loser_id,judge_conf,judge_reason,draft_code,draft_note,status
2012-06-0015,2012-06-0012,5.0,"Chart A is clear, well-labeled and comparably scaled, while Chart B is cluttered, hard to read and visually overwhelming due to excessive bars and poor labeling density.",topic appeal,"The SNL cast chart resonated with audiences due to cultural relevance and nostalgia, while the airline routes chart, though better designed, lacked the emotional connection that drives social media engagement.",DRAFT - needs human review
2016-12-0322,2016-12-0332,5.0,"Chart B clearly labels axes, units, and metrics with readable scales and context, making the data understandable and informative, while Chart A is aesthetically nice but ambiguous and lacks labels or clear meaning.",polish over substance,"The audience preferred the visually appealing streamgraph visualization despite its lack of clear labels and context, while the AI judge correctly prioritized the scientifically rigorous chart with proper axes, units, and readability.",DRAFT - needs human review
2012-06-0023,2012-06-0031,5.0,"Chart A is clean, well-labeled, uses consistent scales and meaningful ordering to compare changes in production and consumption, while Chart B is a cluttered 3D chart with poor scaling and hard-to-interpret categories.",novelty or humor,"The audience preferred the creative and humorous comparison of everyday liquid prices (including vodka and blood) over a straightforward petroleum analysis chart, despite the latter being technically superior in design.",DRAFT - needs human review
2017-09-0001,2017-09-0023,5.0,"Chart B is clearer and more polished with labeled bars, consistent scales, and strong visual hierarchy, while Chart A is cluttered stacked bars with hard-to-read categories and poor color separation.",topic appeal,"The audience preferred the Kickstarter chart because crowdfunding campaigns are more relatable and engaging to Reddit users than autonomous driving patents, despite the patent chart being more polished.",DRAFT - needs human review
2024-06-0165,2024-06-0190,5.0,"Chart B is far clearer and more polished, with consistent scales, readable labels, and effective color encoding, whereas Chart A is cluttered, misleadingly binned, and visually unrefined.",topic appeal,"The audience preferred a meta-commentary chart about the subreddit itself over a sports statistics chart, despite the latter's superior technical execution.",DRAFT - needs human review
2014-10-0099,2014-10-0121,5.0,"Chart B is clearer and more polished with consistent labeling, color legend, and context (indexed and absolute views), whereas Chart A is cluttered, low-resolution, and uses distracting markers that obscure the trend.",novelty or humor,The pork price chart's clever correlation between commodity prices and a fast-food menu item's reintroduction has inherent entertainment value that resonates with audiences despite technical presentation issues.,DRAFT - needs human review
2013-09-0081,2013-09-0078,4.5,"Chart A is clearer with labeled axes, a readable scale, and sensible colors/legend, whereas Chart B is cluttered with many indistinguishable lines on a dark background, reducing readability.",topic appeal,"The breathalyzer party data has inherent novelty and humor that resonates with social media audiences despite lower technical polish, while the fuel efficiency chart is more mundane despite being better designed.",DRAFT - needs human review
2014-10-0237,2014-10-0184,4.5,"Chart B is clean, readable, well-labeled with consistent scales and concise bars, whereas Chart A is cluttered, hard to read with tiny text and excessive categories that hinder clarity.",polish over substance,"The audience valued the novel insight about subreddit downvoting patterns despite presentation issues, while the AI judge prioritized visual polish and readability over the data's substantive interest.",DRAFT - needs human review
2024-07-0044,2024-07-0021,4.5,"Chart A is a clean, readable choropleth with a clear legend and minimal clutter, whereas Chart B is overcrowded with icons, text, and colors that make it difficult to interpret quickly.",topic appeal,"The audience preferred the quarters program map because it features iconic national landmarks that resonate emotionally and culturally, whereas the governors' birthplaces map lacks inherent human interest despite being technically cleaner.",DRAFT - needs human review
2014-10-0109,2014-10-0127,4.5,"Chart A uses clear legends, consistent color scales, readable labeling, and communicates data across countries effectively, whereas Chart B lacks a legend and context, making interpretation difficult despite its simple map.",topic appeal,"The audience preferred the novel, locally-relevant NYC subway visualization over the global literacy statistics, despite the latter having superior technical execution and clarity.",DRAFT - needs human review
2018-04-0154,2018-04-0155,4.5,"Chart A uses consistent labeling, colors, and scales to clearly show monthly totals and category breakdowns, whereas Chart B has cluttered slanted labels, unclear axis meaning, and weaker design aesthetics.",topic appeal,"The audience was drawn to the controversial celebrity relationship topic despite Chart 2's superior technical execution, demonstrating that engaging subject matter can override design quality in public preference.",DRAFT - needs human review
2021-03-0337,2021-03-0278,4.5,"Chart B uses clear labeling, thoughtful annotations, consistent color and spacing, and better visual hierarchy, making it easier to read and more polished than Chart A’s cluttered, low-contrast design.",topic appeal,"The audience preferred the political/presidential topic which has broader relevance, while the AI judge evaluated purely on design merits without considering that niche personal data has limited audience interest despite superior presentation.",DRAFT - needs human review
2025-01-0245,2025-01-0244,4.5,"Chart A has clear labeling, legend, source, and an intelligible color scale with top-county annotations, whereas Chart B lacks a title, context, and uses small indistinct county patches and colors that are hard to interpret.",topic appeal,"The audience preferred the Super Bowl player birthplace map because it connects to a major cultural event with broad appeal, while grain sales per capita is a niche agricultural topic that interests fewer people despite having superior technical presentation.",DRAFT - needs human review
2022-10-0076,2022-10-0086,4.5,"Chart A has a clear purpose, elegant color scale, minimal clutter, and intuitive legend, whereas Chart B is busy with two maps, inconsistent styling, and distracting elements that hinder comparability and readability.",topic appeal,"The audience was drawn to the socially significant and controversial topic of incarceration rates despite the chart's technical flaws, while the AI judge prioritized design quality over subject matter engagement.",DRAFT - needs human review
2017-04-0358,2017-04-0301,4.5,"Chart A clearly communicates data with labeled choropleths and legends, while Chart B is an abstract line rendering that looks artistic but is hard to interpret or quantify.",novelty or humor,"The audience preferred the artistic, creative visualization technique (ASCII-style line rendering) despite lower readability, while the AI judge prioritized clear data communication and practical utility of the choropleth maps.",DRAFT - needs human review
2015-12-0108,2015-12-0126,4.5,"Chart B clearly encodes quantitative data with a meaningful legend, consistent color scale, and geographic granularity, whereas Chart A is decorative and lacks actual data clarity or scale.",topic appeal,"The audience preferred the lighter, more universally relatable topic of language diversity, while the AI judge prioritized technical data visualization quality regardless of subject matter engagement.",DRAFT - needs human review
2019-10-0216,2019-10-0192,4.0,"Chart B is cleaner and focused with clear context and interaction cues, while Chart A is cluttered, low-contrast and hard to interpret at a glance.",topic appeal,"The audience preferred the global environmental data visualization despite its technical complexity, while the AI judge favored the more polished but narrower-scope urban real estate story.",DRAFT - needs human review
2018-07-0405,2018-07-0410,4.0,"Chart A has clear axes, labels, legend, and consistent scales, making the data easy to read, while Chart B is visually striking but ambiguous with unclear counts and axes that hinder interpretability.",topic appeal,"The audience preferred the flag colors chart because it addresses a more universally interesting and accessible topic (national flags), while the World Cup thread activity chart appeals to a narrower audience despite having superior technical execution.",DRAFT - needs human review
2016-09-0336,2016-09-0363,4.0,"Chart B uses a clean, consistent color scale and uncluttered design that improves readability, whereas Chart A is crowded with labels and mixed colors that reduce clarity and aesthetic appeal.",polish over substance,"The audience preferred Chart 1 for its specific, engaging topic about immigration patterns in Europe, while the AI judge prioritized Chart 2's technical polish and clean design despite its generic, broad subject matter.",DRAFT - needs human review
2024-07-0090,2024-07-0128,4.0,"Chart A has clear labeling, consistent color coding with a legend, balanced layout comparing 1990 vs 2023, and strong visual hierarchy, while Chart B’s colors are cluttered with small state labels and a hard-to-parse legend range.",topic appeal,"The sugar intake map resonated more with the audience despite technical flaws because it addresses a relatable public health topic directly relevant to Americans, while the global GDP comparison, though better designed, has less immediate personal relevance to the primarily US-based Reddit audience.",DRAFT - needs human review
