kind,a_id,b_id,winner_id,loser_id,conf,reason
wrong,2012-06-0012,2012-06-0015,2012-06-0015,2012-06-0012,5.0,"Chart A is clear, well-labeled and comparably scaled, while Chart B is cluttered, hard to read and visually overwhelming due to excessive bars and poor labeling density."
wrong,2016-12-0322,2016-12-0332,2016-12-0322,2016-12-0332,5.0,"Chart B clearly labels axes, units, and metrics with readable scales and context, making the data understandable and informative, while Chart A is aesthetically nice but ambiguous and lacks labels or clear meaning."
wrong,2012-06-0031,2012-06-0023,2012-06-0023,2012-06-0031,5.0,"Chart A is clean, well-labeled, uses consistent scales and meaningful ordering to compare changes in production and consumption, while Chart B is a cluttered 3D chart with poor scaling and hard-to-interpret categories."
wrong,2017-09-0001,2017-09-0023,2017-09-0001,2017-09-0023,5.0,"Chart B is clearer and more polished with labeled bars, consistent scales, and strong visual hierarchy, while Chart A is cluttered stacked bars with hard-to-read categories and poor color separation."
wrong,2024-06-0165,2024-06-0190,2024-06-0165,2024-06-0190,5.0,"Chart B is far clearer and more polished, with consistent scales, readable labels, and effective color encoding, whereas Chart A is cluttered, misleadingly binned, and visually unrefined."
wrong,2014-10-0099,2014-10-0121,2014-10-0099,2014-10-0121,5.0,"Chart B is clearer and more polished with consistent labeling, color legend, and context (indexed and absolute views), whereas Chart A is cluttered, low-resolution, and uses distracting markers that obscure the trend."
wrong,2013-09-0078,2013-09-0081,2013-09-0081,2013-09-0078,4.5,"Chart A is clearer with labeled axes, a readable scale, and sensible colors/legend, whereas Chart B is cluttered with many indistinguishable lines on a dark background, reducing readability."
wrong,2014-10-0237,2014-10-0184,2014-10-0237,2014-10-0184,4.5,"Chart B is clean, readable, well-labeled with consistent scales and concise bars, whereas Chart A is cluttered, hard to read with tiny text and excessive categories that hinder clarity."
wrong,2024-07-0021,2024-07-0044,2024-07-0044,2024-07-0021,4.5,"Chart A is a clean, readable choropleth with a clear legend and minimal clutter, whereas Chart B is overcrowded with icons, text, and colors that make it difficult to interpret quickly."
wrong,2014-10-0127,2014-10-0109,2014-10-0109,2014-10-0127,4.5,"Chart A uses clear legends, consistent color scales, readable labeling, and communicates data across countries effectively, whereas Chart B lacks a legend and context, making interpretation difficult despite its simple map."
wrong,2018-04-0155,2018-04-0154,2018-04-0154,2018-04-0155,4.5,"Chart A uses consistent labeling, colors, and scales to clearly show monthly totals and category breakdowns, whereas Chart B has cluttered slanted labels, unclear axis meaning, and weaker design aesthetics."
wrong,2021-03-0337,2021-03-0278,2021-03-0337,2021-03-0278,4.5,"Chart B uses clear labeling, thoughtful annotations, consistent color and spacing, and better visual hierarchy, making it easier to read and more polished than Chart A’s cluttered, low-contrast design."
wrong,2025-01-0244,2025-01-0245,2025-01-0245,2025-01-0244,4.5,"Chart A has clear labeling, legend, source, and an intelligible color scale with top-county annotations, whereas Chart B lacks a title, context, and uses small indistinct county patches and colors that are hard to interpret."
wrong,2022-10-0086,2022-10-0076,2022-10-0076,2022-10-0086,4.5,"Chart A has a clear purpose, elegant color scale, minimal clutter, and intuitive legend, whereas Chart B is busy with two maps, inconsistent styling, and distracting elements that hinder comparability and readability."
wrong,2017-04-0301,2017-04-0358,2017-04-0358,2017-04-0301,4.5,"Chart A clearly communicates data with labeled choropleths and legends, while Chart B is an abstract line rendering that looks artistic but is hard to interpret or quantify."
wrong,2015-12-0108,2015-12-0126,2015-12-0108,2015-12-0126,4.5,"Chart B clearly encodes quantitative data with a meaningful legend, consistent color scale, and geographic granularity, whereas Chart A is decorative and lacks actual data clarity or scale."
wrong,2019-10-0216,2019-10-0192,2019-10-0216,2019-10-0192,4.0,"Chart B is cleaner and focused with clear context and interaction cues, while Chart A is cluttered, low-contrast and hard to interpret at a glance."
wrong,2018-07-0410,2018-07-0405,2018-07-0405,2018-07-0410,4.0,"Chart A has clear axes, labels, legend, and consistent scales, making the data easy to read, while Chart B is visually striking but ambiguous with unclear counts and axes that hinder interpretability."
wrong,2016-09-0336,2016-09-0363,2016-09-0336,2016-09-0363,4.0,"Chart B uses a clean, consistent color scale and uncluttered design that improves readability, whereas Chart A is crowded with labels and mixed colors that reduce clarity and aesthetic appeal."
wrong,2024-07-0128,2024-07-0090,2024-07-0090,2024-07-0128,4.0,"Chart A has clear labeling, consistent color coding with a legend, balanced layout comparing 1990 vs 2023, and strong visual hierarchy, while Chart B’s colors are cluttered with small state labels and a hard-to-parse legend range."
right,2023-06-0076,2023-06-0082,2023-06-0082,2023-06-0076,5.0,"Chart B is clear, well-labeled and aesthetically organized with readable connections and supporting table, while Chart A is cluttered with overlapping nodes and edges that hinder interpretation."
right,2020-08-0556,2020-08-0581,2020-08-0556,2020-08-0581,5.0,"Chart A communicates a clear data story with an intuitive legend, meaningful color scale, and geographic context, while Chart B is mostly empty white space with an over-thick, cluttered street rendering that conveys little information or aesthetic balance."
right,2020-11-0625,2020-11-0553,2020-11-0625,2020-11-0553,5.0,"Chart A uses clear labeling, consistent scales, and effective color coding to communicate a single message, while Chart B is cluttered with tiny rotated labels and overcrowded bars that hinder readability."
right,2014-04-0095,2014-04-0109,2014-04-0095,2014-04-0109,5.0,"Chart A uses a clear sorted bar chart with consistent scales and readable labels, while Chart B’s stacked bars mix categories and percentages causing harder comparisons and cluttered labeling."
right,2017-08-0418,2017-08-0433,2017-08-0433,2017-08-0418,5.0,"Chart B is clearer and well-designed with consistent scales, labels, and legible lines, whereas Chart A is cluttered, hard to read, and visually unbalanced."
right,2019-12-0446,2019-12-0466,2019-12-0446,2019-12-0466,5.0,"Chart A is clean, focused, well-labeled and visually balanced, while Chart B is cluttered with dense noisy lines, tiny unreadable axes, and poor layout that hinders interpretation."
right,2016-11-0322,2016-11-0366,2016-11-0322,2016-11-0366,5.0,"Chart A clearly encodes data with a legend, consistent color scale and geographic accuracy, whereas Chart B is decorative with food images that obscure values and lacks scale or labels."
right,2018-04-0089,2018-04-0129,2018-04-0089,2018-04-0129,5.0,"Chart A is clean, readable, and well-labeled with clear color encoding and spacing, while Chart B is cluttered with dense labels and overlapping error bars that hinder clarity and visual appeal."
right,2017-12-0471,2017-12-0476,2017-12-0471,2017-12-0476,5.0,"Chart A is clear, well-labeled, uses appropriate scales and colors to compare trends across categories, while Chart B has distorted axes, cluttered unreadable x-axis labels, and questionable data scaling that reduces clarity and appeal."
right,2018-08-0328,2018-08-0371,2018-08-0328,2018-08-0371,5.0,"Chart A has clear scales, context, labels, and storytelling with focused hotspots, while Chart B’s bivariate color scheme and sparse legend make interpretation difficult."
right,2025-01-0187,2025-01-0190,2025-01-0190,2025-01-0187,5.0,"Chart B is cleaner, well-labeled, and professionally designed with clear focus and context, while Chart A is cluttered with multiple lines, unclear scales, and inconsistent styling that hinders readability."
right,2021-04-0149,2021-04-0107,2021-04-0107,2021-04-0149,5.0,"Chart B is clear, well-labeled, and visually polished with consistent design and readable scales, whereas Chart A looks sparse, unevenly colored, and lacks context or axis labeling detail for easy interpretation."
right,2020-03-0177,2020-03-0297,2020-03-0297,2020-03-0177,5.0,"Chart B is clear, well-designed, and visually appealing with organized timelines and readable elements, whereas Chart A is cluttered, hard to read, and suffers from poor scaling and labeling."
right,2012-12-0014,2012-12-0015,2012-12-0015,2012-12-0014,4.5,"Chart B is cleaner with clear labeling, scale, and focus, making comparisons easy, while Chart A is cluttered with many similar lines and minimal annotation."
right,2017-05-0485,2017-06-0020,2017-05-0485,2017-06-0020,4.5,"Chart A clearly labels axes, context (macro average), and communicates a compelling pattern, while Chart B lacks titles, labels, and context, reducing clarity and visual quality."
right,2020-01-0568,2020-01-0459,2020-01-0568,2020-01-0459,4.5,"Chart A is clear, well-labeled, and visually balanced with consistent scales and readable values, while Chart B is cluttered with penny icons, crowded labels, and poor readability that harms interpretation."
right,2021-01-0757,2021-01-0621,2021-01-0757,2021-01-0621,4.5,"Chart A is clear, well-labeled with consistent color coding and legible typography, effectively conveying complex geographic clusters, while Chart B is cluttered with duplicated legends and sparse context, reducing clarity and visual appeal."
right,2025-01-0003,2025-01-0025,2025-01-0003,2025-01-0025,4.5,"Chart A is professionally designed with clear labeling, consistent scales, contextual annotations, and strong visual hierarchy, whereas Chart B has unclear sourcing/categories and weaker design choices that reduce interpretability."
right,2014-11-0099,2014-11-0123,2014-11-0123,2014-11-0099,4.5,"Chart B clearly shows distributions with labels, counts, and small multiples for comparison, offering superior clarity and design over Chart A’s cluttered, unlabeled global scatter."
right,2013-10-0102,2013-10-0093,2013-10-0093,2013-10-0102,4.5,"Chart B offers modern, clear cartography with legible colors and labels, whereas Chart A’s antique design and dense shading reduce readability and visual appeal."
