item,winner_id,loser_id,image,your_code,your_note
1,2012-06-0015,2012-06-0012,figures/gallery/wrong_01.jpg,,
2,2016-12-0322,2016-12-0332,figures/gallery/wrong_02.jpg,,
3,2012-06-0023,2012-06-0031,figures/gallery/wrong_03.jpg,,
4,2017-09-0001,2017-09-0023,figures/gallery/wrong_04.jpg,,
5,2024-06-0165,2024-06-0190,figures/gallery/wrong_05.jpg,,
6,2014-10-0099,2014-10-0121,figures/gallery/wrong_06.jpg,,
7,2013-09-0081,2013-09-0078,figures/gallery/wrong_07.jpg,,
8,2014-10-0237,2014-10-0184,figures/gallery/wrong_08.jpg,,
9,2024-07-0044,2024-07-0021,figures/gallery/wrong_09.jpg,,
10,2014-10-0109,2014-10-0127,figures/gallery/wrong_10.jpg,,
11,2018-04-0154,2018-04-0155,figures/gallery/wrong_11.jpg,,
12,2021-03-0337,2021-03-0278,figures/gallery/wrong_12.jpg,,
13,2025-01-0245,2025-01-0244,figures/gallery/wrong_13.jpg,,
14,2022-10-0076,2022-10-0086,figures/gallery/wrong_14.jpg,,
15,2017-04-0358,2017-04-0301,figures/gallery/wrong_15.jpg,,
16,2015-12-0108,2015-12-0126,figures/gallery/wrong_16.jpg,,
17,2019-10-0216,2019-10-0192,figures/gallery/wrong_17.jpg,,
18,2018-07-0405,2018-07-0410,figures/gallery/wrong_18.jpg,,
19,2016-09-0336,2016-09-0363,figures/gallery/wrong_19.jpg,,
20,2024-07-0090,2024-07-0128,figures/gallery/wrong_20.jpg,,
